create table category
(
    id        serial  not null
        constraint category_pkey
            primary key,
    name      varchar not null,
    parent_id integer default 0
);

create unique index category_id_uindex
    on category (id);

create table field
(
    id        serial  not null
        constraint field_pkey
            primary key,
    name      varchar not null,
    numerical boolean default false
);

create unique index field_id_uindex
    on field (id);

create table category_field
(
    id          serial not null
        constraint category_field_pkey
            primary key,
    category_id integer default 0
        constraint fk_category_id
            references category
            on update cascade on delete cascade,
    field_id    integer default 0
        constraint fk_field_id
            references field
            on update cascade on delete cascade
);

create unique index category_field_id_uindex
    on category_field (id);

create table ad
(
    id          bigserial        not null
        constraint ad_pkey
            primary key,
    account_id  bigserial        not null,
    category_id integer          not null,
    description varchar(1500)    not null,
    price       double precision not null,
    active      boolean   default true,
    create_date timestamp default now(),
    update_date timestamp default now()
);

create unique index ad_uindex
    on ad (id);

create table ad_field
(
    id              bigserial not null
        constraint ad_field_pkey
            primary key,
    ad_id           integer   not null,
    name            varchar   not null,
    text_value      varchar,
    numerical_value double precision
);

create unique index ad_field_uindex
    on ad_field (id);

SELECT setval(pg_get_serial_sequence('category', 'id'),
              coalesce(max(id)+1, 1), false) FROM category;
SELECT setval(pg_get_serial_sequence('field', 'id'),
              coalesce(max(id)+1, 1), false) FROM field;
SELECT setval(pg_get_serial_sequence('category_field', 'id'),
              coalesce(max(id)+1, 1), false) FROM category_field;
SELECT setval(pg_get_serial_sequence('ad', 'id'),
              coalesce(max(id)+1, 1), false) FROM ad;
SELECT setval(pg_get_serial_sequence('ad_field', 'id'),
              coalesce(max(id)+1, 1), false) FROM ad_field;

INSERT INTO public.category (id, name, parent_id) VALUES (1, 'Personal belongings', null);
INSERT INTO public.category (id, name, parent_id) VALUES (2, 'Clothes, shoes, accessories', 1);
INSERT INTO public.category (id, name, parent_id) VALUES (3, 'Women''s clothing', 2);
INSERT INTO public.category (id, name, parent_id) VALUES (4, 'Pants', 3);
INSERT INTO public.category (id, name, parent_id) VALUES (5, 'Outwear', 3);
INSERT INTO public.category (id, name, parent_id) VALUES (6, 'Jeans', 3);
INSERT INTO public.category (id, name, parent_id) VALUES (7, 'Swimsuit', 3);
INSERT INTO public.category (id, name, parent_id) VALUES (8, 'Underwear', 3);
INSERT INTO public.category (id, name, parent_id) VALUES (9, 'Shoes', 3);
INSERT INTO public.category (id, name, parent_id) VALUES (10, 'Blazers and suits', 3);
INSERT INTO public.category (id, name, parent_id) VALUES (11, 'Wedding Dresses', 3);
INSERT INTO public.category (id, name, parent_id) VALUES (12, 'Tops and T-Shirts', 3);
INSERT INTO public.category (id, name, parent_id) VALUES (13, 'Knitwear', 3);
INSERT INTO public.category (id, name, parent_id) VALUES (14, 'Other', 3);
INSERT INTO public.category (id, name, parent_id) VALUES (15, 'Men''s clothing', 2);
INSERT INTO public.category (id, name, parent_id) VALUES (16, 'Pants', 15);
INSERT INTO public.category (id, name, parent_id) VALUES (17, 'Outwear', 15);
INSERT INTO public.category (id, name, parent_id) VALUES (18, 'Jeans', 15);
INSERT INTO public.category (id, name, parent_id) VALUES (19, 'Underwear', 15);
INSERT INTO public.category (id, name, parent_id) VALUES (20, 'Shoes', 15);
INSERT INTO public.category (id, name, parent_id) VALUES (21, 'Blazers and suits', 15);
INSERT INTO public.category (id, name, parent_id) VALUES (22, 'Shirts', 15);
INSERT INTO public.category (id, name, parent_id) VALUES (23, 'Knitwear and T-Shirts', 15);
INSERT INTO public.category (id, name, parent_id) VALUES (24, 'Other', 15);
INSERT INTO public.category (id, name, parent_id) VALUES (25, 'Accessories', 2);
INSERT INTO public.category (id, name, parent_id) VALUES (26, 'Children''s wear and shoes', 2);
INSERT INTO public.category (id, name, parent_id) VALUES (27, 'For girls', 26);
INSERT INTO public.category (id, name, parent_id) VALUES (28, 'Pants', 27);
INSERT INTO public.category (id, name, parent_id) VALUES (29, 'Outwear', 15);
INSERT INTO public.category (id, name, parent_id) VALUES (30, 'Jumpsuits and bodysuits', 27);
INSERT INTO public.category (id, name, parent_id) VALUES (31, 'Shoes', 27);
INSERT INTO public.category (id, name, parent_id) VALUES (32, 'Pajamas', 27);
INSERT INTO public.category (id, name, parent_id) VALUES (33, 'Dresses and skirts', 27);
INSERT INTO public.category (id, name, parent_id) VALUES (34, 'Knitwear', 27);
INSERT INTO public.category (id, name, parent_id) VALUES (35, 'Hats, mittens,scarves', 27);
INSERT INTO public.category (id, name, parent_id) VALUES (36, 'Other', 27);
INSERT INTO public.category (id, name, parent_id) VALUES (37, 'For boys', 26);
INSERT INTO public.category (id, name, parent_id) VALUES (38, 'Pants', 37);
INSERT INTO public.category (id, name, parent_id) VALUES (39, 'Outwear', 37);
INSERT INTO public.category (id, name, parent_id) VALUES (40, 'Jumpsuits and bodysuits', 37);
INSERT INTO public.category (id, name, parent_id) VALUES (41, 'Shoes', 37);
INSERT INTO public.category (id, name, parent_id) VALUES (42, 'Pajamas', 37);
INSERT INTO public.category (id, name, parent_id) VALUES (43, 'Knitwear', 37);
INSERT INTO public.category (id, name, parent_id) VALUES (44, 'Hats, mittens,scarves', 37);
INSERT INTO public.category (id, name, parent_id) VALUES (45, 'Other', 37);
INSERT INTO public.category (id, name, parent_id) VALUES (46, 'Goods for children and toys', 1);
INSERT INTO public.category (id, name, parent_id) VALUES (47, 'Сar seats', 46);
INSERT INTO public.category (id, name, parent_id) VALUES (48, 'Bicycles and kick scooters', 46);
INSERT INTO public.category (id, name, parent_id) VALUES (49, 'Children''s furniture', 46);
INSERT INTO public.category (id, name, parent_id) VALUES (50, 'Strollers', 46);
INSERT INTO public.category (id, name, parent_id) VALUES (51, 'Toys', 46);
INSERT INTO public.category (id, name, parent_id) VALUES (52, 'Bedding', 46);
INSERT INTO public.category (id, name, parent_id) VALUES (53, 'Products for feeding', 46);
INSERT INTO public.category (id, name, parent_id) VALUES (54, 'Bathing goods', 46);
INSERT INTO public.category (id, name, parent_id) VALUES (55, 'Goods for school', 46);
INSERT INTO public.category (id, name, parent_id) VALUES (56, 'Watches and jewelry', 1);
INSERT INTO public.category (id, name, parent_id) VALUES (57, 'Bijouterie', 56);
INSERT INTO public.category (id, name, parent_id) VALUES (58, 'Watches', 56);
INSERT INTO public.category (id, name, parent_id) VALUES (59, 'Jewelery', 56);
INSERT INTO public.category (id, name, parent_id) VALUES (60, 'Beauty and health', 1);
INSERT INTO public.category (id, name, parent_id) VALUES (61, 'Cosmetics', 60);
INSERT INTO public.category (id, name, parent_id) VALUES (62, 'Perfumery', 60);
INSERT INTO public.category (id, name, parent_id) VALUES (63, 'Devices and accessories', 60);
INSERT INTO public.category (id, name, parent_id) VALUES (64, 'Hygiene products', 60);
INSERT INTO public.category (id, name, parent_id) VALUES (65, 'Hair products', 60);
INSERT INTO public.category (id, name, parent_id) VALUES (66, 'Medical devices', 60);
INSERT INTO public.category (id, name, parent_id) VALUES (67, 'Biologically active additives', 60);
INSERT INTO public.category (id, name, parent_id) VALUES (68, 'For home and summer home', null);
INSERT INTO public.category (id, name, parent_id) VALUES (69, 'Appliances', 68);
INSERT INTO public.category (id, name, parent_id) VALUES (70, 'For home', 69);
INSERT INTO public.category (id, name, parent_id) VALUES (71, 'Vacuum cleaners', 70);
INSERT INTO public.category (id, name, parent_id) VALUES (72, 'Washing machines', 70);
INSERT INTO public.category (id, name, parent_id) VALUES (73, 'Irons', 70);
INSERT INTO public.category (id, name, parent_id) VALUES (74, 'Seeing machines', 70);
INSERT INTO public.category (id, name, parent_id) VALUES (75, 'For individual care', 69);
INSERT INTO public.category (id, name, parent_id) VALUES (76, 'Razors and trimmers', 75);
INSERT INTO public.category (id, name, parent_id) VALUES (77, 'Clippers', 75);
INSERT INTO public.category (id, name, parent_id) VALUES (78, 'Hair dryers and styling devices', 75);
INSERT INTO public.category (id, name, parent_id) VALUES (79, 'Epilators', 75);
INSERT INTO public.category (id, name, parent_id) VALUES (80, 'For kitchen', 69);
INSERT INTO public.category (id, name, parent_id) VALUES (81, 'Hoods', 80);
INSERT INTO public.category (id, name, parent_id) VALUES (82, 'Small kitchen appliances', 80);
INSERT INTO public.category (id, name, parent_id) VALUES (83, 'Microwave ovens', 80);
INSERT INTO public.category (id, name, parent_id) VALUES (84, 'Slabs', 80);
INSERT INTO public.category (id, name, parent_id) VALUES (85, 'Dishwashers', 80);
INSERT INTO public.category (id, name, parent_id) VALUES (86, 'Refrigerators and freezers', 80);
INSERT INTO public.category (id, name, parent_id) VALUES (87, 'Climatic equipment', 69);
INSERT INTO public.category (id, name, parent_id) VALUES (88, 'Fans', 87);
INSERT INTO public.category (id, name, parent_id) VALUES (89, 'Air conditioner', 87);
INSERT INTO public.category (id, name, parent_id) VALUES (90, 'Heaters', 87);
INSERT INTO public.category (id, name, parent_id) VALUES (91, 'Air purifiers', 87);
INSERT INTO public.category (id, name, parent_id) VALUES (92, 'Thermometers and weather stations', 87);
INSERT INTO public.category (id, name, parent_id) VALUES (93, 'Other', 69);
INSERT INTO public.category (id, name, parent_id) VALUES (94, 'Furniture and interior', 68);
INSERT INTO public.category (id, name, parent_id) VALUES (95, 'Computer tables and chairs', 94);
INSERT INTO public.category (id, name, parent_id) VALUES (96, 'Kitchen sets', 94);
INSERT INTO public.category (id, name, parent_id) VALUES (97, 'Lighting', 94);
INSERT INTO public.category (id, name, parent_id) VALUES (98, 'Stands and pedestals', 94);
INSERT INTO public.category (id, name, parent_id) VALUES (99, 'Interior items, art', 94);
INSERT INTO public.category (id, name, parent_id) VALUES (100, 'Tables and chairs', 94);
INSERT INTO public.category (id, name, parent_id) VALUES (101, 'Wardrobes and dressers', 94);
INSERT INTO public.category (id, name, parent_id) VALUES (102, 'Beds, sofas and armchairs', 94);
INSERT INTO public.category (id, name, parent_id) VALUES (103, 'Beds', 102);
INSERT INTO public.category (id, name, parent_id) VALUES (104, 'Sofas', 102);
INSERT INTO public.category (id, name, parent_id) VALUES (105, 'Armchair', 102);
INSERT INTO public.category (id, name, parent_id) VALUES (106, 'Mattresses', 102);
INSERT INTO public.category (id, name, parent_id) VALUES (107, 'Other', 102);
INSERT INTO public.category (id, name, parent_id) VALUES (108, 'Textiles and carpets', 94);
INSERT INTO public.category (id, name, parent_id) VALUES (109, 'Carpets', 108);
INSERT INTO public.category (id, name, parent_id) VALUES (110, 'Curtains, curtains, tulles', 108);
INSERT INTO public.category (id, name, parent_id) VALUES (111, 'Fabrics and materials', 108);
INSERT INTO public.category (id, name, parent_id) VALUES (112, 'Linens', 108);
INSERT INTO public.category (id, name, parent_id) VALUES (113, 'Blankets and bedspreads', 108);
INSERT INTO public.category (id, name, parent_id) VALUES (114, 'Cushions', 108);
INSERT INTO public.category (id, name, parent_id) VALUES (115, 'Towels', 108);
INSERT INTO public.category (id, name, parent_id) VALUES (116, 'Blankets', 108);
INSERT INTO public.category (id, name, parent_id) VALUES (117, 'Tablecloths and napkins', 108);
INSERT INTO public.category (id, name, parent_id) VALUES (118, 'Furniture covers', 108);
INSERT INTO public.category (id, name, parent_id) VALUES (119, 'Other', 108);
INSERT INTO public.category (id, name, parent_id) VALUES (120, 'Other', 94);
INSERT INTO public.category (id, name, parent_id) VALUES (121, 'Dishes and goods for the kitchen', 68);
INSERT INTO public.category (id, name, parent_id) VALUES (122, 'Table setting', 121);
INSERT INTO public.category (id, name, parent_id) VALUES (123, 'Sets of dishes and dinner services', 122);
INSERT INTO public.category (id, name, parent_id) VALUES (124, 'Mugs, saucers, pairs', 122);
INSERT INTO public.category (id, name, parent_id) VALUES (125, 'Glasses and glasses', 122);
INSERT INTO public.category (id, name, parent_id) VALUES (126, 'Serving items', 122);
INSERT INTO public.category (id, name, parent_id) VALUES (127, 'Dishes', 122);
INSERT INTO public.category (id, name, parent_id) VALUES (128, 'Vases', 122);
INSERT INTO public.category (id, name, parent_id) VALUES (129, 'Cutlery', 122);
INSERT INTO public.category (id, name, parent_id) VALUES (130, 'Dishes and salad bowls', 122);
INSERT INTO public.category (id, name, parent_id) VALUES (131, 'Jugs and Decanters', 122);
INSERT INTO public.category (id, name, parent_id) VALUES (132, 'Shot glasses and glasses', 122);
INSERT INTO public.category (id, name, parent_id) VALUES (133, 'Cooking', 121);
INSERT INTO public.category (id, name, parent_id) VALUES (134, 'Cauldrons, pans, saucepans', 133);
INSERT INTO public.category (id, name, parent_id) VALUES (135, 'Pots and ladles', 133);
INSERT INTO public.category (id, name, parent_id) VALUES (136, 'Dishes and dishes for baking and roasting', 133);
INSERT INTO public.category (id, name, parent_id) VALUES (137, 'Cooking accessories', 133);
INSERT INTO public.category (id, name, parent_id) VALUES (138, 'Grills, barbecues, picnic items', 133);
INSERT INTO public.category (id, name, parent_id) VALUES (139, 'Kitchen appliances', 133);
INSERT INTO public.category (id, name, parent_id) VALUES (140, 'Food storage', 121);
INSERT INTO public.category (id, name, parent_id) VALUES (141, 'Jars, cans, bottles', 140);
INSERT INTO public.category (id, name, parent_id) VALUES (142, 'Containers and lunch boxes', 140);
INSERT INTO public.category (id, name, parent_id) VALUES (143, 'Other', 140);
INSERT INTO public.category (id, name, parent_id) VALUES (144, 'Preparation of drinks', 121);
INSERT INTO public.category (id, name, parent_id) VALUES (145, 'Dishes for preparing drinks', 144);
INSERT INTO public.category (id, name, parent_id) VALUES (146, 'Moonshine stills', 144);
INSERT INTO public.category (id, name, parent_id) VALUES (147, 'Thermo cups, thermoses, flasks', 144);
INSERT INTO public.category (id, name, parent_id) VALUES (148, 'Other', 144);
INSERT INTO public.category (id, name, parent_id) VALUES (149, 'Household goods', 121);
INSERT INTO public.category (id, name, parent_id) VALUES (150, 'Household chemicals', 149);
INSERT INTO public.category (id, name, parent_id) VALUES (151, 'Cleaning and storage equipment', 149);
INSERT INTO public.category (id, name, parent_id) VALUES (152, 'Kitchen accessories', 121);
INSERT INTO public.category (id, name, parent_id) VALUES (153, 'Kitchen textiles', 152);
INSERT INTO public.category (id, name, parent_id) VALUES (154, 'Stands and Holders', 152);
INSERT INTO public.category (id, name, parent_id) VALUES (155, 'Other', 152);
INSERT INTO public.category (id, name, parent_id) VALUES (156, 'Other', 121);
INSERT INTO public.category (id, name, parent_id) VALUES (157, 'Food', 68);
INSERT INTO public.category (id, name, parent_id) VALUES (158, 'Repair and construction', 68);
INSERT INTO public.category (id, name, parent_id) VALUES (159, 'Doors', 158);
INSERT INTO public.category (id, name, parent_id) VALUES (160, 'Tools', 158);
INSERT INTO public.category (id, name, parent_id) VALUES (161, 'Fireplaces and heaters', 158);
INSERT INTO public.category (id, name, parent_id) VALUES (162, 'Windows and balconies', 158);
INSERT INTO public.category (id, name, parent_id) VALUES (163, 'Ceilings', 158);
INSERT INTO public.category (id, name, parent_id) VALUES (164, 'Garden equipment', 158);
INSERT INTO public.category (id, name, parent_id) VALUES (165, 'Plumbing and sauna', 158);
INSERT INTO public.category (id, name, parent_id) VALUES (166, 'Building materials', 158);
INSERT INTO public.category (id, name, parent_id) VALUES (167, 'Insulation', 166);
INSERT INTO public.category (id, name, parent_id) VALUES (168, 'Fasteners', 166);
INSERT INTO public.category (id, name, parent_id) VALUES (169, 'Roof and gutter', 166);
INSERT INTO public.category (id, name, parent_id) VALUES (170, 'Varnishes and paints', 166);
INSERT INTO public.category (id, name, parent_id) VALUES (171, 'Sheet materials', 166);
INSERT INTO public.category (id, name, parent_id) VALUES (172, 'Rolled metal', 166);
INSERT INTO public.category (id, name, parent_id) VALUES (173, 'General construction materials', 166);
INSERT INTO public.category (id, name, parent_id) VALUES (174, 'Finishing', 166);
INSERT INTO public.category (id, name, parent_id) VALUES (175, 'Lumber', 166);
INSERT INTO public.category (id, name, parent_id) VALUES (176, 'Building mixtures', 166);
INSERT INTO public.category (id, name, parent_id) VALUES (177, 'Building walls', 166);
INSERT INTO public.category (id, name, parent_id) VALUES (178, 'Electrician', 166);
INSERT INTO public.category (id, name, parent_id) VALUES (179, 'Other', 166);
INSERT INTO public.category (id, name, parent_id) VALUES (180, 'Plants', 68);
INSERT INTO public.category (id, name, parent_id) VALUES (181, 'Consumer Electronics', null);
INSERT INTO public.category (id, name, parent_id) VALUES (182, 'Audio and video', 181);
INSERT INTO public.category (id, name, parent_id) VALUES (183, 'MP3 players', 182);
INSERT INTO public.category (id, name, parent_id) VALUES (184, 'Acoustics, speakers, subwoofers', 182);
INSERT INTO public.category (id, name, parent_id) VALUES (185, 'Video, DVD and Blu-ray players', 182);
INSERT INTO public.category (id, name, parent_id) VALUES (186, 'Camcorders', 182);
INSERT INTO public.category (id, name, parent_id) VALUES (187, 'Cables and adapters', 182);
INSERT INTO public.category (id, name, parent_id) VALUES (188, 'Microphones', 182);
INSERT INTO public.category (id, name, parent_id) VALUES (189, 'Music and films', 182);
INSERT INTO public.category (id, name, parent_id) VALUES (190, 'Music centers, radio tape recorders', 182);
INSERT INTO public.category (id, name, parent_id) VALUES (191, 'Headphones', 182);
INSERT INTO public.category (id, name, parent_id) VALUES (192, 'Amplifiers and receivers', 182);
INSERT INTO public.category (id, name, parent_id) VALUES (193, 'Accessories', 182);
INSERT INTO public.category (id, name, parent_id) VALUES (194, 'TVs and Projectors', 182);
INSERT INTO public.category (id, name, parent_id) VALUES (195, 'TV sets', 194);
INSERT INTO public.category (id, name, parent_id) VALUES (196, 'Projectors', 194);
INSERT INTO public.category (id, name, parent_id) VALUES (197, 'Other', 194);
INSERT INTO public.category (id, name, parent_id) VALUES (198, 'Games, consoles and programs', 181);
INSERT INTO public.category (id, name, parent_id) VALUES (199, 'Games for consoles', 198);
INSERT INTO public.category (id, name, parent_id) VALUES (200, 'Gaming consoles', 198);
INSERT INTO public.category (id, name, parent_id) VALUES (201, 'Computer games', 198);
INSERT INTO public.category (id, name, parent_id) VALUES (202, 'Programs', 198);
INSERT INTO public.category (id, name, parent_id) VALUES (203, 'Desktop computers', 181);
INSERT INTO public.category (id, name, parent_id) VALUES (204, 'Laptops', 181);
INSERT INTO public.category (id, name, parent_id) VALUES (205, 'Desktop computers', 181);
INSERT INTO public.category (id, name, parent_id) VALUES (206, 'Printers', 205);
INSERT INTO public.category (id, name, parent_id) VALUES (207, 'Telephony', 205);
INSERT INTO public.category (id, name, parent_id) VALUES (208, 'Paper shredders', 205);
INSERT INTO public.category (id, name, parent_id) VALUES (209, 'Chancery', 205);
INSERT INTO public.category (id, name, parent_id) VALUES (210, 'MFPs, Copiers and Scanners', 205);
INSERT INTO public.category (id, name, parent_id) VALUES (211, 'IFI', 210);
INSERT INTO public.category (id, name, parent_id) VALUES (212, 'Copiers', 210);
INSERT INTO public.category (id, name, parent_id) VALUES (213, 'Scanners', 210);
INSERT INTO public.category (id, name, parent_id) VALUES (214, 'Other', 210);
INSERT INTO public.category (id, name, parent_id) VALUES (215, 'UPS, surge protectors', 205);
INSERT INTO public.category (id, name, parent_id) VALUES (216, 'UPS', 215);
INSERT INTO public.category (id, name, parent_id) VALUES (217, 'Surge Protectors', 215);
INSERT INTO public.category (id, name, parent_id) VALUES (218, 'Network filters', 215);
INSERT INTO public.category (id, name, parent_id) VALUES (219, 'Other', 215);
INSERT INTO public.category (id, name, parent_id) VALUES (220, 'Expendable materials', 205);
INSERT INTO public.category (id, name, parent_id) VALUES (221, 'Power supplies and batteries', 220);
INSERT INTO public.category (id, name, parent_id) VALUES (222, 'Blanks', 220);
INSERT INTO public.category (id, name, parent_id) VALUES (223, 'Paper', 220);
INSERT INTO public.category (id, name, parent_id) VALUES (224, 'Cables and adapters', 220);
INSERT INTO public.category (id, name, parent_id) VALUES (225, 'Cartridges', 220);
INSERT INTO public.category (id, name, parent_id) VALUES (226, 'Tablets and e-books computers', 181);
INSERT INTO public.category (id, name, parent_id) VALUES (227, 'Tablets', 226);
INSERT INTO public.category (id, name, parent_id) VALUES (228, 'EBooks', 226);
INSERT INTO public.category (id, name, parent_id) VALUES (229, 'Accessories', 226);
INSERT INTO public.category (id, name, parent_id) VALUES (230, 'Batteries', 229);
INSERT INTO public.category (id, name, parent_id) VALUES (231, 'Headsets and headphones', 229);
INSERT INTO public.category (id, name, parent_id) VALUES (232, 'Docking stations', 229);
INSERT INTO public.category (id, name, parent_id) VALUES (233, 'Charging device', 229);
INSERT INTO public.category (id, name, parent_id) VALUES (234, 'Cables and adapters', 229);
INSERT INTO public.category (id, name, parent_id) VALUES (235, 'Modems and routers', 229);
INSERT INTO public.category (id, name, parent_id) VALUES (236, 'Styluses', 229);
INSERT INTO public.category (id, name, parent_id) VALUES (237, 'Covers and tapes', 229);
INSERT INTO public.category (id, name, parent_id) VALUES (238, 'Other', 229);
INSERT INTO public.category (id, name, parent_id) VALUES (239, 'Phones', 181);
INSERT INTO public.category (id, name, parent_id) VALUES (240, 'Acer', 239);
INSERT INTO public.category (id, name, parent_id) VALUES (241, 'HTC', 239);
INSERT INTO public.category (id, name, parent_id) VALUES (242, 'LG', 239);
INSERT INTO public.category (id, name, parent_id) VALUES (243, 'Huawei', 239);
INSERT INTO public.category (id, name, parent_id) VALUES (244, 'iPhone', 239);
INSERT INTO public.category (id, name, parent_id) VALUES (245, 'Lenovo', 239);
INSERT INTO public.category (id, name, parent_id) VALUES (246, 'Meizu', 239);
INSERT INTO public.category (id, name, parent_id) VALUES (247, 'Microsoft', 239);
INSERT INTO public.category (id, name, parent_id) VALUES (248, 'Nokia', 239);
INSERT INTO public.category (id, name, parent_id) VALUES (249, 'Panasonic', 239);
INSERT INTO public.category (id, name, parent_id) VALUES (250, 'Siemens', 239);
INSERT INTO public.category (id, name, parent_id) VALUES (251, 'Sony', 239);
INSERT INTO public.category (id, name, parent_id) VALUES (252, 'Xiaomi', 239);
INSERT INTO public.category (id, name, parent_id) VALUES (253, 'Other brands', 239);
INSERT INTO public.category (id, name, parent_id) VALUES (254, 'Landline telephones', 239);
INSERT INTO public.category (id, name, parent_id) VALUES (255, 'Accessories', 239);
INSERT INTO public.category (id, name, parent_id) VALUES (256, 'Batteries', 255);
INSERT INTO public.category (id, name, parent_id) VALUES (257, 'Headsets and headphones', 255);
INSERT INTO public.category (id, name, parent_id) VALUES (258, 'Charging device', 255);
INSERT INTO public.category (id, name, parent_id) VALUES (259, 'Cables and adapters', 255);
INSERT INTO public.category (id, name, parent_id) VALUES (260, 'Modems and routers', 255);
INSERT INTO public.category (id, name, parent_id) VALUES (261, 'Covers and films', 255);
INSERT INTO public.category (id, name, parent_id) VALUES (262, 'Spare parts', 255);
INSERT INTO public.category (id, name, parent_id) VALUES (263, 'Computer products', 181);
INSERT INTO public.category (id, name, parent_id) VALUES (264, 'Acoustics', 263);
INSERT INTO public.category (id, name, parent_id) VALUES (265, 'Webcams', 263);
INSERT INTO public.category (id, name, parent_id) VALUES (266, 'Joysticks and steering wheels', 263);
INSERT INTO public.category (id, name, parent_id) VALUES (267, 'Keyboards and mice', 263);
INSERT INTO public.category (id, name, parent_id) VALUES (268, 'Monitors', 263);
INSERT INTO public.category (id, name, parent_id) VALUES (269, 'Portable hard drives', 263);
INSERT INTO public.category (id, name, parent_id) VALUES (270, 'Network hardware', 263);
INSERT INTO public.category (id, name, parent_id) VALUES (271, 'TV tuners', 263);
INSERT INTO public.category (id, name, parent_id) VALUES (272, 'Flash drives and memory cards', 263);
INSERT INTO public.category (id, name, parent_id) VALUES (273, 'Accessories', 263);
INSERT INTO public.category (id, name, parent_id) VALUES (274, 'Components', 263);
INSERT INTO public.category (id, name, parent_id) VALUES (275, 'CD, DVD and Blu-ray drives', 274);
INSERT INTO public.category (id, name, parent_id) VALUES (276, 'Power supplies', 274);
INSERT INTO public.category (id, name, parent_id) VALUES (277, 'Video cards', 274);
INSERT INTO public.category (id, name, parent_id) VALUES (278, 'Hard drives', 274);
INSERT INTO public.category (id, name, parent_id) VALUES (279, 'Sound cards', 274);
INSERT INTO public.category (id, name, parent_id) VALUES (280, 'Controllers', 274);
INSERT INTO public.category (id, name, parent_id) VALUES (281, 'Housings', 274);
INSERT INTO public.category (id, name, parent_id) VALUES (282, 'Motherboards', 274);
INSERT INTO public.category (id, name, parent_id) VALUES (283, 'RAM', 274);
INSERT INTO public.category (id, name, parent_id) VALUES (284, 'Processors', 274);
INSERT INTO public.category (id, name, parent_id) VALUES (285, 'Cooling systems', 274);
INSERT INTO public.category (id, name, parent_id) VALUES (286, 'Photography equipment', 181);
INSERT INTO public.category (id, name, parent_id) VALUES (287, 'Compact Cameras', 286);
INSERT INTO public.category (id, name, parent_id) VALUES (288, 'SLR Cameras', 286);
INSERT INTO public.category (id, name, parent_id) VALUES (289, 'Film cameras', 286);
INSERT INTO public.category (id, name, parent_id) VALUES (290, 'Binoculars and telescopes', 286);
INSERT INTO public.category (id, name, parent_id) VALUES (291, 'Lenses', 286);
INSERT INTO public.category (id, name, parent_id) VALUES (292, 'Equipment and accessories', 286);
INSERT INTO public.category (id, name, parent_id) VALUES (293, 'Hobbies and leisure', null);
INSERT INTO public.category (id, name, parent_id) VALUES (294, 'Tickets and travel', 293);
INSERT INTO public.category (id, name, parent_id) VALUES (295, 'Cards, coupons', 294);
INSERT INTO public.category (id, name, parent_id) VALUES (296, 'Concerts', 294);
INSERT INTO public.category (id, name, parent_id) VALUES (297, 'Travels', 294);
INSERT INTO public.category (id, name, parent_id) VALUES (298, 'Sport', 294);
INSERT INTO public.category (id, name, parent_id) VALUES (299, 'Theater, opera, ballet', 294);
INSERT INTO public.category (id, name, parent_id) VALUES (300, 'Circus, cinema', 294);
INSERT INTO public.category (id, name, parent_id) VALUES (301, 'Show, musical', 294);
INSERT INTO public.category (id, name, parent_id) VALUES (302, 'Bicycles', 293);
INSERT INTO public.category (id, name, parent_id) VALUES (303, 'Mountain', 302);
INSERT INTO public.category (id, name, parent_id) VALUES (304, 'Road', 302);
INSERT INTO public.category (id, name, parent_id) VALUES (305, 'BMX', 302);
INSERT INTO public.category (id, name, parent_id) VALUES (306, 'Baby', 302);
INSERT INTO public.category (id, name, parent_id) VALUES (307, 'Parts and accessories', 302);
INSERT INTO public.category (id, name, parent_id) VALUES (308, 'Books and magazines', 293);
INSERT INTO public.category (id, name, parent_id) VALUES (309, 'Magazines, newspapers, brochures', 308);
INSERT INTO public.category (id, name, parent_id) VALUES (310, 'Books', 308);
INSERT INTO public.category (id, name, parent_id) VALUES (311, 'Educational literature', 308);
INSERT INTO public.category (id, name, parent_id) VALUES (312, 'Collecting', 293);
INSERT INTO public.category (id, name, parent_id) VALUES (313, 'Tickets', 312);
INSERT INTO public.category (id, name, parent_id) VALUES (314, 'Tokens, medals, badges', 312);
INSERT INTO public.category (id, name, parent_id) VALUES (315, 'Paintings', 312);
INSERT INTO public.category (id, name, parent_id) VALUES (316, 'Stamps', 312);
INSERT INTO public.category (id, name, parent_id) VALUES (317, 'Coins', 312);
INSERT INTO public.category (id, name, parent_id) VALUES (318, 'Postcards', 312);
INSERT INTO public.category (id, name, parent_id) VALUES (319, 'Labels, bottles, corks', 312);
INSERT INTO public.category (id, name, parent_id) VALUES (320, 'Other', 312);
INSERT INTO public.category (id, name, parent_id) VALUES (321, 'Musical instruments', 293);
INSERT INTO public.category (id, name, parent_id) VALUES (322, 'Accordions, accordions, button accordions', 321);
INSERT INTO public.category (id, name, parent_id) VALUES (323, 'Guitars and other strings', 321);
INSERT INTO public.category (id, name, parent_id) VALUES (324, 'Wind instruments', 321);
INSERT INTO public.category (id, name, parent_id) VALUES (325, 'Pianos and other keyboards', 321);
INSERT INTO public.category (id, name, parent_id) VALUES (326, 'Violins and other bows', 321);
INSERT INTO public.category (id, name, parent_id) VALUES (327, 'Drums', 321);
INSERT INTO public.category (id, name, parent_id) VALUES (328, 'For studio and concerts', 321);
INSERT INTO public.category (id, name, parent_id) VALUES (329, 'Accessories', 321);
INSERT INTO public.category (id, name, parent_id) VALUES (330, 'Hunting and fishing', 293);
INSERT INTO public.category (id, name, parent_id) VALUES (331, 'Sports and recreation', 293);
INSERT INTO public.category (id, name, parent_id) VALUES (332, 'Billiards and bowling', 331);
INSERT INTO public.category (id, name, parent_id) VALUES (333, 'Diving and water sports', 331);
INSERT INTO public.category (id, name, parent_id) VALUES (334, 'Martial arts', 331);
INSERT INTO public.category (id, name, parent_id) VALUES (335, 'Winter sports', 331);
INSERT INTO public.category (id, name, parent_id) VALUES (336, 'Violins and other bows', 331);
INSERT INTO public.category (id, name, parent_id) VALUES (337, 'Ball games', 331);
INSERT INTO public.category (id, name, parent_id) VALUES (338, 'Board games', 331);
INSERT INTO public.category (id, name, parent_id) VALUES (339, 'Paintball and airsoft', 331);
INSERT INTO public.category (id, name, parent_id) VALUES (340, 'Rollers and skateboarding', 331);
INSERT INTO public.category (id, name, parent_id) VALUES (341, 'Tennis, badminton, ping-pong', 331);
INSERT INTO public.category (id, name, parent_id) VALUES (342, 'Tourism', 331);
INSERT INTO public.category (id, name, parent_id) VALUES (343, 'Fitness and exercise equipment', 331);
INSERT INTO public.category (id, name, parent_id) VALUES (344, 'Sports nutrition', 331);
INSERT INTO public.category (id, name, parent_id) VALUES (345, 'Other', 331);
INSERT INTO public.category (id, name, parent_id) VALUES (346, 'Animals', null);
INSERT INTO public.category (id, name, parent_id) VALUES (347, 'Dogs', 346);
INSERT INTO public.category (id, name, parent_id) VALUES (348, 'Cats', 346);
INSERT INTO public.category (id, name, parent_id) VALUES (349, 'Birds', 346);
INSERT INTO public.category (id, name, parent_id) VALUES (350, 'Aquarium', 346);
INSERT INTO public.category (id, name, parent_id) VALUES (351, 'Goods for pets', 346);
INSERT INTO public.category (id, name, parent_id) VALUES (352, 'Other animals', 346);
INSERT INTO public.category (id, name, parent_id) VALUES (353, 'Amphibians', 352);
INSERT INTO public.category (id, name, parent_id) VALUES (354, 'Rodents', 352);
INSERT INTO public.category (id, name, parent_id) VALUES (355, 'Rabbits', 352);
INSERT INTO public.category (id, name, parent_id) VALUES (356, 'Horses', 352);
INSERT INTO public.category (id, name, parent_id) VALUES (357, 'Reptiles', 352);
INSERT INTO public.category (id, name, parent_id) VALUES (358, 'Agricultural animals', 352);
INSERT INTO public.category (id, name, parent_id) VALUES (359, 'Ferrets', 352);
INSERT INTO public.category (id, name, parent_id) VALUES (360, 'Other', 352);
INSERT INTO public.category (id, name, parent_id) VALUES (361, 'Ready business and equipment', null);
INSERT INTO public.category (id, name, parent_id) VALUES (362, 'Ready business', 361);
INSERT INTO public.category (id, name, parent_id) VALUES (363, 'Online store', 362);
INSERT INTO public.category (id, name, parent_id) VALUES (364, 'Catering', 362);
INSERT INTO public.category (id, name, parent_id) VALUES (365, 'Production', 362);
INSERT INTO public.category (id, name, parent_id) VALUES (366, 'Entertainment', 362);
INSERT INTO public.category (id, name, parent_id) VALUES (367, 'Agriculture', 362);
INSERT INTO public.category (id, name, parent_id) VALUES (368, 'Construction', 362);
INSERT INTO public.category (id, name, parent_id) VALUES (369, 'Services sector', 362);
INSERT INTO public.category (id, name, parent_id) VALUES (370, 'Trade', 362);
INSERT INTO public.category (id, name, parent_id) VALUES (371, 'Other', 362);
INSERT INTO public.category (id, name, parent_id) VALUES (372, 'Business equipment', 361);
INSERT INTO public.category (id, name, parent_id) VALUES (373, 'For shop', 372);
INSERT INTO public.category (id, name, parent_id) VALUES (374, 'For office', 372);
INSERT INTO public.category (id, name, parent_id) VALUES (375, 'For restaurant', 372);
INSERT INTO public.category (id, name, parent_id) VALUES (376, 'For a beauty salon', 372);
INSERT INTO public.category (id, name, parent_id) VALUES (377, 'Industrial', 372);
INSERT INTO public.category (id, name, parent_id) VALUES (378, 'Other', 372);
INSERT INTO public.category (id, name, parent_id) VALUES (379, 'Job', null);
INSERT INTO public.category (id, name, parent_id) VALUES (380, 'Vacancies', 379);
INSERT INTO public.category (id, name, parent_id) VALUES (381, 'IT, internet, telecom', 380);
INSERT INTO public.category (id, name, parent_id) VALUES (382, 'Car business', 380);
INSERT INTO public.category (id, name, parent_id) VALUES (383, 'Administrative work', 380);
INSERT INTO public.category (id, name, parent_id) VALUES (384, 'No experience, students', 380);
INSERT INTO public.category (id, name, parent_id) VALUES (385, 'Civil service, NGO', 380);
INSERT INTO public.category (id, name, parent_id) VALUES (386, 'Home staff', 380);
INSERT INTO public.category (id, name, parent_id) VALUES (387, 'Medicine, pharmaceuticals', 380);
INSERT INTO public.category (id, name, parent_id) VALUES (388, 'Sales', 380);
INSERT INTO public.category (id, name, parent_id) VALUES (389, 'Insurance', 380);
INSERT INTO public.category (id, name, parent_id) VALUES (390, 'Construction', 380);
INSERT INTO public.category (id, name, parent_id) VALUES (391, 'Fitness, beauty salons', 380);
INSERT INTO public.category (id, name, parent_id) VALUES (392, 'Jurisprudence', 380);
INSERT INTO public.category (id, name, parent_id) VALUES (393, 'Other', 380);
INSERT INTO public.category (id, name, parent_id) VALUES (394, 'Resume', 379);
INSERT INTO public.category (id, name, parent_id) VALUES (395, 'IT, internet, telecom', 394);
INSERT INTO public.category (id, name, parent_id) VALUES (396, 'Car business', 394);
INSERT INTO public.category (id, name, parent_id) VALUES (397, 'Administrative work', 394);
INSERT INTO public.category (id, name, parent_id) VALUES (398, 'No experience, students', 394);
INSERT INTO public.category (id, name, parent_id) VALUES (399, 'Civil service, NGO', 394);
INSERT INTO public.category (id, name, parent_id) VALUES (400, 'Home staff', 394);
INSERT INTO public.category (id, name, parent_id) VALUES (401, 'Medicine, pharmaceuticals', 394);
INSERT INTO public.category (id, name, parent_id) VALUES (402, 'Sales', 394);
INSERT INTO public.category (id, name, parent_id) VALUES (403, 'Insurance', 394);
INSERT INTO public.category (id, name, parent_id) VALUES (404, 'Construction', 394);
INSERT INTO public.category (id, name, parent_id) VALUES (405, 'Fitness, beauty salons', 394);
INSERT INTO public.category (id, name, parent_id) VALUES (406, 'Jurisprudence', 394);
INSERT INTO public.category (id, name, parent_id) VALUES (407, 'Other', 394);
INSERT INTO public.category (id, name, parent_id) VALUES (408, 'Real estate', null);
INSERT INTO public.category (id, name, parent_id) VALUES (409, 'All apartments', 408);
INSERT INTO public.category (id, name, parent_id) VALUES (410, 'Apartments in new buildings', 408);
INSERT INTO public.category (id, name, parent_id) VALUES (411, 'Apartments for rent', 408);
INSERT INTO public.category (id, name, parent_id) VALUES (412, 'Daily rate apartments', 408);
INSERT INTO public.category (id, name, parent_id) VALUES (413, 'Houses, summer cottages, cottages', 408);
INSERT INTO public.category (id, name, parent_id) VALUES (414, 'Rooms', 408);
INSERT INTO public.category (id, name, parent_id) VALUES (415, 'Commercial property', 408);
INSERT INTO public.category (id, name, parent_id) VALUES (416, 'Land', 408);
INSERT INTO public.category (id, name, parent_id) VALUES (417, 'Garages and parking spaces', 408);
INSERT INTO public.category (id, name, parent_id) VALUES (418, 'Real estate abroad', 408);
INSERT INTO public.category (id, name, parent_id) VALUES (419, 'Buyers of apartments', 408);
INSERT INTO public.category (id, name, parent_id) VALUES (420, 'Apartment tenants', 408);
INSERT INTO public.category (id, name, parent_id) VALUES (421, 'Services', null);
INSERT INTO public.category (id, name, parent_id) VALUES (422, 'Domestic services', 421);
INSERT INTO public.category (id, name, parent_id) VALUES (423, 'Production of keys', 422);
INSERT INTO public.category (id, name, parent_id) VALUES (424, 'Clothing sewing and repair', 422);
INSERT INTO public.category (id, name, parent_id) VALUES (425, 'Watch repair', 422);
INSERT INTO public.category (id, name, parent_id) VALUES (426, 'Dry cleaning, washing', 422);
INSERT INTO public.category (id, name, parent_id) VALUES (427, 'Jewelry services', 422);
INSERT INTO public.category (id, name, parent_id) VALUES (428, 'Business services', 421);
INSERT INTO public.category (id, name, parent_id) VALUES (429, 'Accounting, finance', 428);
INSERT INTO public.category (id, name, parent_id) VALUES (430, 'Consulting', 428);
INSERT INTO public.category (id, name, parent_id) VALUES (431, 'Typing and correcting text', 428);
INSERT INTO public.category (id, name, parent_id) VALUES (432, 'Transfer', 428);
INSERT INTO public.category (id, name, parent_id) VALUES (433, 'Legal services', 428);
INSERT INTO public.category (id, name, parent_id) VALUES (434, 'Delivery, couriers', 421);
INSERT INTO public.category (id, name, parent_id) VALUES (435, 'Master for an hour', 421);
INSERT INTO public.category (id, name, parent_id) VALUES (436, 'Art', 421);
INSERT INTO public.category (id, name, parent_id) VALUES (437, 'Babysitters, nurses', 421);
INSERT INTO public.category (id, name, parent_id) VALUES (438, 'Transport, transportation', 421);
INSERT INTO public.category (id, name, parent_id) VALUES (439, 'Car service', 438);
INSERT INTO public.category (id, name, parent_id) VALUES (440, 'Rent a Car', 438);
INSERT INTO public.category (id, name, parent_id) VALUES (441, 'Commercial transportation', 438);
INSERT INTO public.category (id, name, parent_id) VALUES (442, 'Movers', 438);
INSERT INTO public.category (id, name, parent_id) VALUES (443, 'Legal services', 438);
INSERT INTO public.category (id, name, parent_id) VALUES (444, 'Moving', 438);
INSERT INTO public.category (id, name, parent_id) VALUES (445, 'Special equipment', 438);
INSERT INTO public.category (id, name, parent_id) VALUES (446, 'Other', 421);
INSERT INTO public.category (id, name, parent_id) VALUES (447, 'Transport', null);
INSERT INTO public.category (id, name, parent_id) VALUES (448, 'Cars', 447);
INSERT INTO public.category (id, name, parent_id) VALUES (449, 'Motorcycles and mototechnics', 447);
INSERT INTO public.category (id, name, parent_id) VALUES (450, 'Cross-country vehicles', 449);
INSERT INTO public.category (id, name, parent_id) VALUES (451, 'Carting', 449);
INSERT INTO public.category (id, name, parent_id) VALUES (452, 'ATV''s', 449);
INSERT INTO public.category (id, name, parent_id) VALUES (453, 'Mopeds and scooters', 449);
INSERT INTO public.category (id, name, parent_id) VALUES (454, 'Snowmobiles', 449);
INSERT INTO public.category (id, name, parent_id) VALUES (455, 'Motorcycles', 449);
INSERT INTO public.category (id, name, parent_id) VALUES (456, 'Road bikes', 455);
INSERT INTO public.category (id, name, parent_id) VALUES (457, 'Sport bikes', 455);
INSERT INTO public.category (id, name, parent_id) VALUES (458, 'Choppers', 455);
INSERT INTO public.category (id, name, parent_id) VALUES (459, 'Trucks and special equipment', 447);
INSERT INTO public.category (id, name, parent_id) VALUES (460, 'Buses', 459);
INSERT INTO public.category (id, name, parent_id) VALUES (461, 'Motorhomes', 459);
INSERT INTO public.category (id, name, parent_id) VALUES (462, 'Truck cranes', 459);
INSERT INTO public.category (id, name, parent_id) VALUES (463, 'Bulldozers', 459);
INSERT INTO public.category (id, name, parent_id) VALUES (464, 'Trucks', 459);
INSERT INTO public.category (id, name, parent_id) VALUES (465, 'Utility technology', 459);
INSERT INTO public.category (id, name, parent_id) VALUES (466, 'Light transport', 459);
INSERT INTO public.category (id, name, parent_id) VALUES (467, 'Trailers', 459);
INSERT INTO public.category (id, name, parent_id) VALUES (468, 'Agricultural machinery', 459);
INSERT INTO public.category (id, name, parent_id) VALUES (469, 'Construction machinery', 459);
INSERT INTO public.category (id, name, parent_id) VALUES (470, 'Logging equipment', 459);
INSERT INTO public.category (id, name, parent_id) VALUES (471, 'Tractor units', 459);
INSERT INTO public.category (id, name, parent_id) VALUES (472, 'Excavators', 459);
INSERT INTO public.category (id, name, parent_id) VALUES (473, 'Water transport', 447);
INSERT INTO public.category (id, name, parent_id) VALUES (474, 'Rowing boats', 473);
INSERT INTO public.category (id, name, parent_id) VALUES (475, 'Jet skis', 473);
INSERT INTO public.category (id, name, parent_id) VALUES (476, 'Boat and yachts', 473);
INSERT INTO public.category (id, name, parent_id) VALUES (477, 'Kayak and canoes', 473);
INSERT INTO public.category (id, name, parent_id) VALUES (478, 'Motor boats', 473);
INSERT INTO public.category (id, name, parent_id) VALUES (479, 'Inflatable boats', 473);
INSERT INTO public.category (id, name, parent_id) VALUES (480, 'Parts and accessories', 447);
INSERT INTO public.category (id, name, parent_id) VALUES (481, 'Spare parts', 447);
INSERT INTO public.category (id, name, parent_id) VALUES (482, 'For cars', 481);
INSERT INTO public.category (id, name, parent_id) VALUES (483, 'For motor vehicles', 481);
INSERT INTO public.category (id, name, parent_id) VALUES (484, 'For special equipment', 481);
INSERT INTO public.category (id, name, parent_id) VALUES (485, 'For water transport', 481);
INSERT INTO public.category (id, name, parent_id) VALUES (486, 'Accessories', 480);
INSERT INTO public.category (id, name, parent_id) VALUES (487, 'GPS navigators', 480);
INSERT INTO public.category (id, name, parent_id) VALUES (488, 'Autocosmetics and autochemistry', 480);
INSERT INTO public.category (id, name, parent_id) VALUES (489, 'Audio and video equipment', 480);
INSERT INTO public.category (id, name, parent_id) VALUES (490, 'Roof racks and towbars', 480);
INSERT INTO public.category (id, name, parent_id) VALUES (491, 'Tools', 480);
INSERT INTO public.category (id, name, parent_id) VALUES (492, 'Trailers', 480);
INSERT INTO public.category (id, name, parent_id) VALUES (493, 'Anti-theft devices', 480);
INSERT INTO public.category (id, name, parent_id) VALUES (494, 'Car alarm', 493);
INSERT INTO public.category (id, name, parent_id) VALUES (495, 'Immobilizers', 493);
INSERT INTO public.category (id, name, parent_id) VALUES (496, 'Mechanical interlocks', 493);
INSERT INTO public.category (id, name, parent_id) VALUES (497, 'Satellite systems', 493);
INSERT INTO public.category (id, name, parent_id) VALUES (498, 'Tuning', 480);
INSERT INTO public.category (id, name, parent_id) VALUES (499, 'Tires, disks and wheels', 480);
INSERT INTO public.category (id, name, parent_id) VALUES (500, 'Tires', 499);
INSERT INTO public.category (id, name, parent_id) VALUES (501, 'Motorcycle tires', 499);
INSERT INTO public.category (id, name, parent_id) VALUES (502, 'Discs', 499);
INSERT INTO public.category (id, name, parent_id) VALUES (503, 'Wheels', 499);
INSERT INTO public.category (id, name, parent_id) VALUES (504, 'Caps', 499);
INSERT INTO public.category (id, name, parent_id) VALUES (505, 'Equipment', 480);

INSERT INTO public.field (id, name, numerical) VALUES (1, 'Condition', false);
INSERT INTO public.field (id, name, numerical) VALUES (2, 'Brand', false);
INSERT INTO public.field (id, name, numerical) VALUES (3, 'Model', false);
INSERT INTO public.field (id, name, numerical) VALUES (4, 'Generation', false);
INSERT INTO public.field (id, name, numerical) VALUES (5, 'Modification', false);
INSERT INTO public.field (id, name, numerical) VALUES (6, 'Year of issue', true);
INSERT INTO public.field (id, name, numerical) VALUES (7, 'Mileage', true);
INSERT INTO public.field (id, name, numerical) VALUES (9, 'Owners by TCP', true);
INSERT INTO public.field (id, name, numerical) VALUES (10, 'VIN or body number', false);
INSERT INTO public.field (id, name, numerical) VALUES (8, 'Part number', true);
INSERT INTO public.field (id, name, numerical) VALUES (11, 'Work schedule', false);
INSERT INTO public.field (id, name, numerical) VALUES (12, 'Experience', false);
INSERT INTO public.field (id, name, numerical) VALUES (13, 'House type', false);
INSERT INTO public.field (id, name, numerical) VALUES (14, 'Finishing', false);
INSERT INTO public.field (id, name, numerical) VALUES (15, 'Floor', true);
INSERT INTO public.field (id, name, numerical) VALUES (16, 'Number of rooms', true);
INSERT INTO public.field (id, name, numerical) VALUES (17, 'Total area', true);
INSERT INTO public.field (id, name, numerical) VALUES (18, 'Year built', true);
INSERT INTO public.field (id, name, numerical) VALUES (19, 'Distance to the city', true);

INSERT INTO public.category_field (id, category_id, field_id) VALUES (1, 1, 1);
INSERT INTO public.category_field (id, category_id, field_id) VALUES (2, 2, 1);
INSERT INTO public.category_field (id, category_id, field_id) VALUES (3, 3, 1);
INSERT INTO public.category_field (id, category_id, field_id) VALUES (4, 4, 1);
INSERT INTO public.category_field (id, category_id, field_id) VALUES (5, 5, 1);
INSERT INTO public.category_field (id, category_id, field_id) VALUES (6, 6, 1);
INSERT INTO public.category_field (id, category_id, field_id) VALUES (7, 7, 1);
INSERT INTO public.category_field (id, category_id, field_id) VALUES (8, 8, 1);
INSERT INTO public.category_field (id, category_id, field_id) VALUES (9, 9, 1);
INSERT INTO public.category_field (id, category_id, field_id) VALUES (10, 10, 1);
INSERT INTO public.category_field (id, category_id, field_id) VALUES (11, 11, 1);
INSERT INTO public.category_field (id, category_id, field_id) VALUES (12, 12, 1);
INSERT INTO public.category_field (id, category_id, field_id) VALUES (13, 13, 1);
INSERT INTO public.category_field (id, category_id, field_id) VALUES (14, 14, 1);
INSERT INTO public.category_field (id, category_id, field_id) VALUES (15, 15, 1);
INSERT INTO public.category_field (id, category_id, field_id) VALUES (16, 16, 1);
INSERT INTO public.category_field (id, category_id, field_id) VALUES (17, 17, 1);
INSERT INTO public.category_field (id, category_id, field_id) VALUES (18, 18, 1);
INSERT INTO public.category_field (id, category_id, field_id) VALUES (19, 19, 1);
INSERT INTO public.category_field (id, category_id, field_id) VALUES (20, 20, 1);
INSERT INTO public.category_field (id, category_id, field_id) VALUES (21, 21, 1);
INSERT INTO public.category_field (id, category_id, field_id) VALUES (22, 22, 1);
INSERT INTO public.category_field (id, category_id, field_id) VALUES (23, 23, 1);
INSERT INTO public.category_field (id, category_id, field_id) VALUES (24, 24, 1);
INSERT INTO public.category_field (id, category_id, field_id) VALUES (25, 25, 1);
INSERT INTO public.category_field (id, category_id, field_id) VALUES (26, 26, 1);
INSERT INTO public.category_field (id, category_id, field_id) VALUES (27, 27, 1);
INSERT INTO public.category_field (id, category_id, field_id) VALUES (28, 28, 1);
INSERT INTO public.category_field (id, category_id, field_id) VALUES (29, 29, 1);
INSERT INTO public.category_field (id, category_id, field_id) VALUES (30, 30, 1);
INSERT INTO public.category_field (id, category_id, field_id) VALUES (31, 31, 1);
INSERT INTO public.category_field (id, category_id, field_id) VALUES (32, 32, 1);
INSERT INTO public.category_field (id, category_id, field_id) VALUES (33, 33, 1);
INSERT INTO public.category_field (id, category_id, field_id) VALUES (34, 34, 1);
INSERT INTO public.category_field (id, category_id, field_id) VALUES (35, 35, 1);
INSERT INTO public.category_field (id, category_id, field_id) VALUES (36, 36, 1);
INSERT INTO public.category_field (id, category_id, field_id) VALUES (37, 37, 1);
INSERT INTO public.category_field (id, category_id, field_id) VALUES (38, 38, 1);
INSERT INTO public.category_field (id, category_id, field_id) VALUES (39, 39, 1);
INSERT INTO public.category_field (id, category_id, field_id) VALUES (40, 40, 1);
INSERT INTO public.category_field (id, category_id, field_id) VALUES (41, 41, 1);
INSERT INTO public.category_field (id, category_id, field_id) VALUES (42, 42, 1);
INSERT INTO public.category_field (id, category_id, field_id) VALUES (43, 43, 1);
INSERT INTO public.category_field (id, category_id, field_id) VALUES (44, 44, 1);
INSERT INTO public.category_field (id, category_id, field_id) VALUES (45, 45, 1);
INSERT INTO public.category_field (id, category_id, field_id) VALUES (46, 46, 1);
INSERT INTO public.category_field (id, category_id, field_id) VALUES (47, 47, 1);
INSERT INTO public.category_field (id, category_id, field_id) VALUES (48, 48, 1);
INSERT INTO public.category_field (id, category_id, field_id) VALUES (49, 49, 1);
INSERT INTO public.category_field (id, category_id, field_id) VALUES (50, 50, 1);
INSERT INTO public.category_field (id, category_id, field_id) VALUES (51, 51, 1);
INSERT INTO public.category_field (id, category_id, field_id) VALUES (52, 52, 1);
INSERT INTO public.category_field (id, category_id, field_id) VALUES (53, 53, 1);
INSERT INTO public.category_field (id, category_id, field_id) VALUES (54, 54, 1);
INSERT INTO public.category_field (id, category_id, field_id) VALUES (55, 55, 1);
INSERT INTO public.category_field (id, category_id, field_id) VALUES (56, 56, 1);
INSERT INTO public.category_field (id, category_id, field_id) VALUES (57, 57, 1);
INSERT INTO public.category_field (id, category_id, field_id) VALUES (58, 58, 1);
INSERT INTO public.category_field (id, category_id, field_id) VALUES (59, 59, 1);
INSERT INTO public.category_field (id, category_id, field_id) VALUES (60, 60, 1);
INSERT INTO public.category_field (id, category_id, field_id) VALUES (61, 61, 1);
INSERT INTO public.category_field (id, category_id, field_id) VALUES (62, 62, 1);
INSERT INTO public.category_field (id, category_id, field_id) VALUES (63, 63, 1);
INSERT INTO public.category_field (id, category_id, field_id) VALUES (64, 64, 1);
INSERT INTO public.category_field (id, category_id, field_id) VALUES (65, 65, 1);
INSERT INTO public.category_field (id, category_id, field_id) VALUES (66, 66, 1);
INSERT INTO public.category_field (id, category_id, field_id) VALUES (67, 67, 1);
INSERT INTO public.category_field (id, category_id, field_id) VALUES (68, 68, 1);
INSERT INTO public.category_field (id, category_id, field_id) VALUES (69, 69, 1);
INSERT INTO public.category_field (id, category_id, field_id) VALUES (70, 70, 1);
INSERT INTO public.category_field (id, category_id, field_id) VALUES (71, 71, 1);
INSERT INTO public.category_field (id, category_id, field_id) VALUES (72, 72, 1);
INSERT INTO public.category_field (id, category_id, field_id) VALUES (73, 73, 1);
INSERT INTO public.category_field (id, category_id, field_id) VALUES (74, 74, 1);
INSERT INTO public.category_field (id, category_id, field_id) VALUES (75, 75, 1);
INSERT INTO public.category_field (id, category_id, field_id) VALUES (76, 76, 1);
INSERT INTO public.category_field (id, category_id, field_id) VALUES (77, 77, 1);
INSERT INTO public.category_field (id, category_id, field_id) VALUES (78, 78, 1);
INSERT INTO public.category_field (id, category_id, field_id) VALUES (79, 79, 1);
INSERT INTO public.category_field (id, category_id, field_id) VALUES (80, 80, 1);
INSERT INTO public.category_field (id, category_id, field_id) VALUES (81, 81, 1);
INSERT INTO public.category_field (id, category_id, field_id) VALUES (82, 82, 1);
INSERT INTO public.category_field (id, category_id, field_id) VALUES (83, 83, 1);
INSERT INTO public.category_field (id, category_id, field_id) VALUES (84, 84, 1);
INSERT INTO public.category_field (id, category_id, field_id) VALUES (85, 85, 1);
INSERT INTO public.category_field (id, category_id, field_id) VALUES (86, 86, 1);
INSERT INTO public.category_field (id, category_id, field_id) VALUES (87, 87, 1);
INSERT INTO public.category_field (id, category_id, field_id) VALUES (88, 88, 1);
INSERT INTO public.category_field (id, category_id, field_id) VALUES (89, 89, 1);
INSERT INTO public.category_field (id, category_id, field_id) VALUES (90, 90, 1);
INSERT INTO public.category_field (id, category_id, field_id) VALUES (91, 91, 1);
INSERT INTO public.category_field (id, category_id, field_id) VALUES (92, 92, 1);
INSERT INTO public.category_field (id, category_id, field_id) VALUES (93, 93, 1);
INSERT INTO public.category_field (id, category_id, field_id) VALUES (94, 94, 1);
INSERT INTO public.category_field (id, category_id, field_id) VALUES (95, 95, 1);
INSERT INTO public.category_field (id, category_id, field_id) VALUES (96, 96, 1);
INSERT INTO public.category_field (id, category_id, field_id) VALUES (97, 97, 1);
INSERT INTO public.category_field (id, category_id, field_id) VALUES (98, 98, 1);
INSERT INTO public.category_field (id, category_id, field_id) VALUES (99, 99, 1);
INSERT INTO public.category_field (id, category_id, field_id) VALUES (100, 100, 1);
INSERT INTO public.category_field (id, category_id, field_id) VALUES (101, 101, 1);
INSERT INTO public.category_field (id, category_id, field_id) VALUES (102, 102, 1);
INSERT INTO public.category_field (id, category_id, field_id) VALUES (103, 103, 1);
INSERT INTO public.category_field (id, category_id, field_id) VALUES (104, 104, 1);
INSERT INTO public.category_field (id, category_id, field_id) VALUES (105, 105, 1);
INSERT INTO public.category_field (id, category_id, field_id) VALUES (106, 106, 1);
INSERT INTO public.category_field (id, category_id, field_id) VALUES (107, 107, 1);
INSERT INTO public.category_field (id, category_id, field_id) VALUES (108, 108, 1);
INSERT INTO public.category_field (id, category_id, field_id) VALUES (109, 109, 1);
INSERT INTO public.category_field (id, category_id, field_id) VALUES (110, 110, 1);
INSERT INTO public.category_field (id, category_id, field_id) VALUES (111, 111, 1);
INSERT INTO public.category_field (id, category_id, field_id) VALUES (112, 112, 1);
INSERT INTO public.category_field (id, category_id, field_id) VALUES (113, 113, 1);
INSERT INTO public.category_field (id, category_id, field_id) VALUES (114, 114, 1);
INSERT INTO public.category_field (id, category_id, field_id) VALUES (115, 115, 1);
INSERT INTO public.category_field (id, category_id, field_id) VALUES (116, 116, 1);
INSERT INTO public.category_field (id, category_id, field_id) VALUES (117, 117, 1);
INSERT INTO public.category_field (id, category_id, field_id) VALUES (118, 118, 1);
INSERT INTO public.category_field (id, category_id, field_id) VALUES (119, 119, 1);
INSERT INTO public.category_field (id, category_id, field_id) VALUES (120, 120, 1);
INSERT INTO public.category_field (id, category_id, field_id) VALUES (121, 121, 1);
INSERT INTO public.category_field (id, category_id, field_id) VALUES (122, 122, 1);
INSERT INTO public.category_field (id, category_id, field_id) VALUES (123, 123, 1);
INSERT INTO public.category_field (id, category_id, field_id) VALUES (124, 124, 1);
INSERT INTO public.category_field (id, category_id, field_id) VALUES (125, 125, 1);
INSERT INTO public.category_field (id, category_id, field_id) VALUES (126, 126, 1);
INSERT INTO public.category_field (id, category_id, field_id) VALUES (127, 127, 1);
INSERT INTO public.category_field (id, category_id, field_id) VALUES (128, 128, 1);
INSERT INTO public.category_field (id, category_id, field_id) VALUES (129, 129, 1);
INSERT INTO public.category_field (id, category_id, field_id) VALUES (130, 130, 1);
INSERT INTO public.category_field (id, category_id, field_id) VALUES (131, 131, 1);
INSERT INTO public.category_field (id, category_id, field_id) VALUES (132, 132, 1);
INSERT INTO public.category_field (id, category_id, field_id) VALUES (133, 133, 1);
INSERT INTO public.category_field (id, category_id, field_id) VALUES (134, 134, 1);
INSERT INTO public.category_field (id, category_id, field_id) VALUES (135, 135, 1);
INSERT INTO public.category_field (id, category_id, field_id) VALUES (136, 136, 1);
INSERT INTO public.category_field (id, category_id, field_id) VALUES (137, 137, 1);
INSERT INTO public.category_field (id, category_id, field_id) VALUES (138, 138, 1);
INSERT INTO public.category_field (id, category_id, field_id) VALUES (139, 139, 1);
INSERT INTO public.category_field (id, category_id, field_id) VALUES (140, 140, 1);
INSERT INTO public.category_field (id, category_id, field_id) VALUES (141, 141, 1);
INSERT INTO public.category_field (id, category_id, field_id) VALUES (142, 142, 1);
INSERT INTO public.category_field (id, category_id, field_id) VALUES (143, 143, 1);
INSERT INTO public.category_field (id, category_id, field_id) VALUES (144, 144, 1);
INSERT INTO public.category_field (id, category_id, field_id) VALUES (145, 145, 1);
INSERT INTO public.category_field (id, category_id, field_id) VALUES (146, 146, 1);
INSERT INTO public.category_field (id, category_id, field_id) VALUES (147, 147, 1);
INSERT INTO public.category_field (id, category_id, field_id) VALUES (148, 148, 1);
INSERT INTO public.category_field (id, category_id, field_id) VALUES (149, 149, 1);
INSERT INTO public.category_field (id, category_id, field_id) VALUES (150, 150, 1);
INSERT INTO public.category_field (id, category_id, field_id) VALUES (151, 151, 1);
INSERT INTO public.category_field (id, category_id, field_id) VALUES (152, 152, 1);
INSERT INTO public.category_field (id, category_id, field_id) VALUES (153, 153, 1);
INSERT INTO public.category_field (id, category_id, field_id) VALUES (154, 154, 1);
INSERT INTO public.category_field (id, category_id, field_id) VALUES (155, 155, 1);
INSERT INTO public.category_field (id, category_id, field_id) VALUES (156, 156, 1);
INSERT INTO public.category_field (id, category_id, field_id) VALUES (157, 157, 1);
INSERT INTO public.category_field (id, category_id, field_id) VALUES (158, 158, 1);
INSERT INTO public.category_field (id, category_id, field_id) VALUES (159, 159, 1);
INSERT INTO public.category_field (id, category_id, field_id) VALUES (160, 160, 1);
INSERT INTO public.category_field (id, category_id, field_id) VALUES (161, 161, 1);
INSERT INTO public.category_field (id, category_id, field_id) VALUES (162, 162, 1);
INSERT INTO public.category_field (id, category_id, field_id) VALUES (163, 163, 1);
INSERT INTO public.category_field (id, category_id, field_id) VALUES (164, 164, 1);
INSERT INTO public.category_field (id, category_id, field_id) VALUES (165, 165, 1);
INSERT INTO public.category_field (id, category_id, field_id) VALUES (166, 166, 1);
INSERT INTO public.category_field (id, category_id, field_id) VALUES (167, 167, 1);
INSERT INTO public.category_field (id, category_id, field_id) VALUES (168, 168, 1);
INSERT INTO public.category_field (id, category_id, field_id) VALUES (169, 169, 1);
INSERT INTO public.category_field (id, category_id, field_id) VALUES (170, 170, 1);
INSERT INTO public.category_field (id, category_id, field_id) VALUES (171, 171, 1);
INSERT INTO public.category_field (id, category_id, field_id) VALUES (172, 172, 1);
INSERT INTO public.category_field (id, category_id, field_id) VALUES (173, 173, 1);
INSERT INTO public.category_field (id, category_id, field_id) VALUES (174, 174, 1);
INSERT INTO public.category_field (id, category_id, field_id) VALUES (175, 175, 1);
INSERT INTO public.category_field (id, category_id, field_id) VALUES (176, 176, 1);
INSERT INTO public.category_field (id, category_id, field_id) VALUES (177, 177, 1);
INSERT INTO public.category_field (id, category_id, field_id) VALUES (178, 178, 1);
INSERT INTO public.category_field (id, category_id, field_id) VALUES (179, 179, 1);
INSERT INTO public.category_field (id, category_id, field_id) VALUES (180, 180, 1);
INSERT INTO public.category_field (id, category_id, field_id) VALUES (181, 181, 1);
INSERT INTO public.category_field (id, category_id, field_id) VALUES (182, 182, 1);
INSERT INTO public.category_field (id, category_id, field_id) VALUES (183, 183, 1);
INSERT INTO public.category_field (id, category_id, field_id) VALUES (184, 184, 1);
INSERT INTO public.category_field (id, category_id, field_id) VALUES (185, 185, 1);
INSERT INTO public.category_field (id, category_id, field_id) VALUES (186, 186, 1);
INSERT INTO public.category_field (id, category_id, field_id) VALUES (187, 187, 1);
INSERT INTO public.category_field (id, category_id, field_id) VALUES (188, 188, 1);
INSERT INTO public.category_field (id, category_id, field_id) VALUES (189, 189, 1);
INSERT INTO public.category_field (id, category_id, field_id) VALUES (190, 190, 1);
INSERT INTO public.category_field (id, category_id, field_id) VALUES (191, 191, 1);
INSERT INTO public.category_field (id, category_id, field_id) VALUES (192, 192, 1);
INSERT INTO public.category_field (id, category_id, field_id) VALUES (193, 193, 1);
INSERT INTO public.category_field (id, category_id, field_id) VALUES (194, 194, 1);
INSERT INTO public.category_field (id, category_id, field_id) VALUES (195, 195, 1);
INSERT INTO public.category_field (id, category_id, field_id) VALUES (196, 196, 1);
INSERT INTO public.category_field (id, category_id, field_id) VALUES (197, 197, 1);
INSERT INTO public.category_field (id, category_id, field_id) VALUES (198, 198, 1);
INSERT INTO public.category_field (id, category_id, field_id) VALUES (199, 199, 1);
INSERT INTO public.category_field (id, category_id, field_id) VALUES (200, 200, 1);
INSERT INTO public.category_field (id, category_id, field_id) VALUES (201, 201, 1);
INSERT INTO public.category_field (id, category_id, field_id) VALUES (202, 202, 1);
INSERT INTO public.category_field (id, category_id, field_id) VALUES (203, 203, 1);
INSERT INTO public.category_field (id, category_id, field_id) VALUES (204, 204, 1);
INSERT INTO public.category_field (id, category_id, field_id) VALUES (205, 205, 1);
INSERT INTO public.category_field (id, category_id, field_id) VALUES (206, 206, 1);
INSERT INTO public.category_field (id, category_id, field_id) VALUES (207, 207, 1);
INSERT INTO public.category_field (id, category_id, field_id) VALUES (208, 208, 1);
INSERT INTO public.category_field (id, category_id, field_id) VALUES (209, 209, 1);
INSERT INTO public.category_field (id, category_id, field_id) VALUES (210, 210, 1);
INSERT INTO public.category_field (id, category_id, field_id) VALUES (211, 211, 1);
INSERT INTO public.category_field (id, category_id, field_id) VALUES (212, 212, 1);
INSERT INTO public.category_field (id, category_id, field_id) VALUES (213, 213, 1);
INSERT INTO public.category_field (id, category_id, field_id) VALUES (214, 214, 1);
INSERT INTO public.category_field (id, category_id, field_id) VALUES (215, 215, 1);
INSERT INTO public.category_field (id, category_id, field_id) VALUES (216, 216, 1);
INSERT INTO public.category_field (id, category_id, field_id) VALUES (217, 217, 1);
INSERT INTO public.category_field (id, category_id, field_id) VALUES (218, 218, 1);
INSERT INTO public.category_field (id, category_id, field_id) VALUES (219, 219, 1);
INSERT INTO public.category_field (id, category_id, field_id) VALUES (220, 220, 1);
INSERT INTO public.category_field (id, category_id, field_id) VALUES (221, 221, 1);
INSERT INTO public.category_field (id, category_id, field_id) VALUES (222, 222, 1);
INSERT INTO public.category_field (id, category_id, field_id) VALUES (223, 223, 1);
INSERT INTO public.category_field (id, category_id, field_id) VALUES (224, 224, 1);
INSERT INTO public.category_field (id, category_id, field_id) VALUES (225, 225, 1);
INSERT INTO public.category_field (id, category_id, field_id) VALUES (226, 226, 1);
INSERT INTO public.category_field (id, category_id, field_id) VALUES (227, 227, 1);
INSERT INTO public.category_field (id, category_id, field_id) VALUES (228, 228, 1);
INSERT INTO public.category_field (id, category_id, field_id) VALUES (229, 229, 1);
INSERT INTO public.category_field (id, category_id, field_id) VALUES (230, 230, 1);
INSERT INTO public.category_field (id, category_id, field_id) VALUES (231, 231, 1);
INSERT INTO public.category_field (id, category_id, field_id) VALUES (232, 232, 1);
INSERT INTO public.category_field (id, category_id, field_id) VALUES (233, 233, 1);
INSERT INTO public.category_field (id, category_id, field_id) VALUES (234, 234, 1);
INSERT INTO public.category_field (id, category_id, field_id) VALUES (235, 235, 1);
INSERT INTO public.category_field (id, category_id, field_id) VALUES (236, 236, 1);
INSERT INTO public.category_field (id, category_id, field_id) VALUES (237, 237, 1);
INSERT INTO public.category_field (id, category_id, field_id) VALUES (238, 238, 1);
INSERT INTO public.category_field (id, category_id, field_id) VALUES (239, 239, 1);
INSERT INTO public.category_field (id, category_id, field_id) VALUES (240, 240, 1);
INSERT INTO public.category_field (id, category_id, field_id) VALUES (241, 241, 1);
INSERT INTO public.category_field (id, category_id, field_id) VALUES (242, 242, 1);
INSERT INTO public.category_field (id, category_id, field_id) VALUES (243, 243, 1);
INSERT INTO public.category_field (id, category_id, field_id) VALUES (244, 244, 1);
INSERT INTO public.category_field (id, category_id, field_id) VALUES (245, 245, 1);
INSERT INTO public.category_field (id, category_id, field_id) VALUES (246, 246, 1);
INSERT INTO public.category_field (id, category_id, field_id) VALUES (247, 247, 1);
INSERT INTO public.category_field (id, category_id, field_id) VALUES (248, 248, 1);
INSERT INTO public.category_field (id, category_id, field_id) VALUES (249, 249, 1);
INSERT INTO public.category_field (id, category_id, field_id) VALUES (250, 250, 1);
INSERT INTO public.category_field (id, category_id, field_id) VALUES (251, 251, 1);
INSERT INTO public.category_field (id, category_id, field_id) VALUES (252, 252, 1);
INSERT INTO public.category_field (id, category_id, field_id) VALUES (253, 253, 1);
INSERT INTO public.category_field (id, category_id, field_id) VALUES (254, 254, 1);
INSERT INTO public.category_field (id, category_id, field_id) VALUES (255, 255, 1);
INSERT INTO public.category_field (id, category_id, field_id) VALUES (256, 256, 1);
INSERT INTO public.category_field (id, category_id, field_id) VALUES (257, 257, 1);
INSERT INTO public.category_field (id, category_id, field_id) VALUES (258, 258, 1);
INSERT INTO public.category_field (id, category_id, field_id) VALUES (259, 259, 1);
INSERT INTO public.category_field (id, category_id, field_id) VALUES (260, 260, 1);
INSERT INTO public.category_field (id, category_id, field_id) VALUES (261, 261, 1);
INSERT INTO public.category_field (id, category_id, field_id) VALUES (262, 262, 1);
INSERT INTO public.category_field (id, category_id, field_id) VALUES (263, 263, 1);
INSERT INTO public.category_field (id, category_id, field_id) VALUES (264, 264, 1);
INSERT INTO public.category_field (id, category_id, field_id) VALUES (265, 265, 1);
INSERT INTO public.category_field (id, category_id, field_id) VALUES (266, 266, 1);
INSERT INTO public.category_field (id, category_id, field_id) VALUES (267, 267, 1);
INSERT INTO public.category_field (id, category_id, field_id) VALUES (268, 268, 1);
INSERT INTO public.category_field (id, category_id, field_id) VALUES (269, 269, 1);
INSERT INTO public.category_field (id, category_id, field_id) VALUES (270, 270, 1);
INSERT INTO public.category_field (id, category_id, field_id) VALUES (271, 271, 1);
INSERT INTO public.category_field (id, category_id, field_id) VALUES (272, 272, 1);
INSERT INTO public.category_field (id, category_id, field_id) VALUES (273, 273, 1);
INSERT INTO public.category_field (id, category_id, field_id) VALUES (274, 274, 1);
INSERT INTO public.category_field (id, category_id, field_id) VALUES (275, 275, 1);
INSERT INTO public.category_field (id, category_id, field_id) VALUES (276, 276, 1);
INSERT INTO public.category_field (id, category_id, field_id) VALUES (277, 277, 1);
INSERT INTO public.category_field (id, category_id, field_id) VALUES (278, 278, 1);
INSERT INTO public.category_field (id, category_id, field_id) VALUES (279, 279, 1);
INSERT INTO public.category_field (id, category_id, field_id) VALUES (280, 280, 1);
INSERT INTO public.category_field (id, category_id, field_id) VALUES (281, 281, 1);
INSERT INTO public.category_field (id, category_id, field_id) VALUES (282, 282, 1);
INSERT INTO public.category_field (id, category_id, field_id) VALUES (283, 283, 1);
INSERT INTO public.category_field (id, category_id, field_id) VALUES (284, 284, 1);
INSERT INTO public.category_field (id, category_id, field_id) VALUES (285, 285, 1);
INSERT INTO public.category_field (id, category_id, field_id) VALUES (286, 286, 1);
INSERT INTO public.category_field (id, category_id, field_id) VALUES (287, 287, 1);
INSERT INTO public.category_field (id, category_id, field_id) VALUES (288, 288, 1);
INSERT INTO public.category_field (id, category_id, field_id) VALUES (289, 289, 1);
INSERT INTO public.category_field (id, category_id, field_id) VALUES (290, 290, 1);
INSERT INTO public.category_field (id, category_id, field_id) VALUES (291, 291, 1);
INSERT INTO public.category_field (id, category_id, field_id) VALUES (292, 292, 1);
INSERT INTO public.category_field (id, category_id, field_id) VALUES (293, 293, 1);
INSERT INTO public.category_field (id, category_id, field_id) VALUES (294, 294, 1);
INSERT INTO public.category_field (id, category_id, field_id) VALUES (295, 295, 1);
INSERT INTO public.category_field (id, category_id, field_id) VALUES (296, 296, 1);
INSERT INTO public.category_field (id, category_id, field_id) VALUES (297, 297, 1);
INSERT INTO public.category_field (id, category_id, field_id) VALUES (298, 298, 1);
INSERT INTO public.category_field (id, category_id, field_id) VALUES (299, 299, 1);
INSERT INTO public.category_field (id, category_id, field_id) VALUES (300, 300, 1);
INSERT INTO public.category_field (id, category_id, field_id) VALUES (301, 301, 1);
INSERT INTO public.category_field (id, category_id, field_id) VALUES (302, 302, 1);
INSERT INTO public.category_field (id, category_id, field_id) VALUES (303, 303, 1);
INSERT INTO public.category_field (id, category_id, field_id) VALUES (304, 304, 1);
INSERT INTO public.category_field (id, category_id, field_id) VALUES (305, 305, 1);
INSERT INTO public.category_field (id, category_id, field_id) VALUES (306, 306, 1);
INSERT INTO public.category_field (id, category_id, field_id) VALUES (307, 307, 1);
INSERT INTO public.category_field (id, category_id, field_id) VALUES (308, 308, 1);
INSERT INTO public.category_field (id, category_id, field_id) VALUES (309, 309, 1);
INSERT INTO public.category_field (id, category_id, field_id) VALUES (310, 310, 1);
INSERT INTO public.category_field (id, category_id, field_id) VALUES (311, 311, 1);
INSERT INTO public.category_field (id, category_id, field_id) VALUES (312, 312, 1);
INSERT INTO public.category_field (id, category_id, field_id) VALUES (313, 313, 1);
INSERT INTO public.category_field (id, category_id, field_id) VALUES (314, 314, 1);
INSERT INTO public.category_field (id, category_id, field_id) VALUES (315, 315, 1);
INSERT INTO public.category_field (id, category_id, field_id) VALUES (316, 316, 1);
INSERT INTO public.category_field (id, category_id, field_id) VALUES (317, 317, 1);
INSERT INTO public.category_field (id, category_id, field_id) VALUES (318, 318, 1);
INSERT INTO public.category_field (id, category_id, field_id) VALUES (319, 319, 1);
INSERT INTO public.category_field (id, category_id, field_id) VALUES (320, 320, 1);
INSERT INTO public.category_field (id, category_id, field_id) VALUES (321, 321, 1);
INSERT INTO public.category_field (id, category_id, field_id) VALUES (322, 322, 1);
INSERT INTO public.category_field (id, category_id, field_id) VALUES (323, 323, 1);
INSERT INTO public.category_field (id, category_id, field_id) VALUES (324, 324, 1);
INSERT INTO public.category_field (id, category_id, field_id) VALUES (325, 325, 1);
INSERT INTO public.category_field (id, category_id, field_id) VALUES (326, 326, 1);
INSERT INTO public.category_field (id, category_id, field_id) VALUES (327, 327, 1);
INSERT INTO public.category_field (id, category_id, field_id) VALUES (328, 328, 1);
INSERT INTO public.category_field (id, category_id, field_id) VALUES (329, 329, 1);
INSERT INTO public.category_field (id, category_id, field_id) VALUES (330, 330, 1);
INSERT INTO public.category_field (id, category_id, field_id) VALUES (331, 331, 1);
INSERT INTO public.category_field (id, category_id, field_id) VALUES (332, 332, 1);
INSERT INTO public.category_field (id, category_id, field_id) VALUES (333, 333, 1);
INSERT INTO public.category_field (id, category_id, field_id) VALUES (334, 334, 1);
INSERT INTO public.category_field (id, category_id, field_id) VALUES (335, 335, 1);
INSERT INTO public.category_field (id, category_id, field_id) VALUES (336, 336, 1);
INSERT INTO public.category_field (id, category_id, field_id) VALUES (337, 337, 1);
INSERT INTO public.category_field (id, category_id, field_id) VALUES (338, 338, 1);
INSERT INTO public.category_field (id, category_id, field_id) VALUES (339, 339, 1);
INSERT INTO public.category_field (id, category_id, field_id) VALUES (340, 340, 1);
INSERT INTO public.category_field (id, category_id, field_id) VALUES (341, 341, 1);
INSERT INTO public.category_field (id, category_id, field_id) VALUES (342, 342, 1);
INSERT INTO public.category_field (id, category_id, field_id) VALUES (343, 343, 1);
INSERT INTO public.category_field (id, category_id, field_id) VALUES (344, 344, 1);
INSERT INTO public.category_field (id, category_id, field_id) VALUES (345, 345, 1);
INSERT INTO public.category_field (id, category_id, field_id) VALUES (346, 346, 1);
INSERT INTO public.category_field (id, category_id, field_id) VALUES (347, 347, 1);
INSERT INTO public.category_field (id, category_id, field_id) VALUES (348, 348, 1);
INSERT INTO public.category_field (id, category_id, field_id) VALUES (349, 349, 1);
INSERT INTO public.category_field (id, category_id, field_id) VALUES (350, 350, 1);
INSERT INTO public.category_field (id, category_id, field_id) VALUES (351, 351, 1);
INSERT INTO public.category_field (id, category_id, field_id) VALUES (352, 352, 1);
INSERT INTO public.category_field (id, category_id, field_id) VALUES (353, 353, 1);
INSERT INTO public.category_field (id, category_id, field_id) VALUES (354, 354, 1);
INSERT INTO public.category_field (id, category_id, field_id) VALUES (355, 355, 1);
INSERT INTO public.category_field (id, category_id, field_id) VALUES (356, 356, 1);
INSERT INTO public.category_field (id, category_id, field_id) VALUES (357, 357, 1);
INSERT INTO public.category_field (id, category_id, field_id) VALUES (358, 358, 1);
INSERT INTO public.category_field (id, category_id, field_id) VALUES (359, 359, 1);
INSERT INTO public.category_field (id, category_id, field_id) VALUES (360, 360, 1);
INSERT INTO public.category_field (id, category_id, field_id) VALUES (361, 361, 1);
INSERT INTO public.category_field (id, category_id, field_id) VALUES (362, 362, 1);
INSERT INTO public.category_field (id, category_id, field_id) VALUES (363, 363, 1);
INSERT INTO public.category_field (id, category_id, field_id) VALUES (364, 364, 1);
INSERT INTO public.category_field (id, category_id, field_id) VALUES (365, 365, 1);
INSERT INTO public.category_field (id, category_id, field_id) VALUES (366, 366, 1);
INSERT INTO public.category_field (id, category_id, field_id) VALUES (367, 367, 1);
INSERT INTO public.category_field (id, category_id, field_id) VALUES (368, 368, 1);
INSERT INTO public.category_field (id, category_id, field_id) VALUES (369, 369, 1);
INSERT INTO public.category_field (id, category_id, field_id) VALUES (370, 370, 1);
INSERT INTO public.category_field (id, category_id, field_id) VALUES (371, 371, 1);
INSERT INTO public.category_field (id, category_id, field_id) VALUES (372, 372, 1);
INSERT INTO public.category_field (id, category_id, field_id) VALUES (373, 373, 1);
INSERT INTO public.category_field (id, category_id, field_id) VALUES (374, 374, 1);
INSERT INTO public.category_field (id, category_id, field_id) VALUES (375, 375, 1);
INSERT INTO public.category_field (id, category_id, field_id) VALUES (376, 376, 1);
INSERT INTO public.category_field (id, category_id, field_id) VALUES (377, 377, 1);
INSERT INTO public.category_field (id, category_id, field_id) VALUES (378, 378, 1);
INSERT INTO public.category_field (id, category_id, field_id) VALUES (379, 379, 1);
INSERT INTO public.category_field (id, category_id, field_id) VALUES (578, 379, 11);
INSERT INTO public.category_field (id, category_id, field_id) VALUES (579, 379, 12);
INSERT INTO public.category_field (id, category_id, field_id) VALUES (380, 380, 1);
INSERT INTO public.category_field (id, category_id, field_id) VALUES (580, 380, 11);
INSERT INTO public.category_field (id, category_id, field_id) VALUES (581, 380, 12);
INSERT INTO public.category_field (id, category_id, field_id) VALUES (381, 381, 1);
INSERT INTO public.category_field (id, category_id, field_id) VALUES (582, 381, 11);
INSERT INTO public.category_field (id, category_id, field_id) VALUES (583, 381, 12);
INSERT INTO public.category_field (id, category_id, field_id) VALUES (382, 382, 1);
INSERT INTO public.category_field (id, category_id, field_id) VALUES (584, 382, 11);
INSERT INTO public.category_field (id, category_id, field_id) VALUES (585, 382, 12);
INSERT INTO public.category_field (id, category_id, field_id) VALUES (383, 383, 1);
INSERT INTO public.category_field (id, category_id, field_id) VALUES (586, 383, 11);
INSERT INTO public.category_field (id, category_id, field_id) VALUES (587, 383, 12);
INSERT INTO public.category_field (id, category_id, field_id) VALUES (384, 384, 1);
INSERT INTO public.category_field (id, category_id, field_id) VALUES (588, 384, 11);
INSERT INTO public.category_field (id, category_id, field_id) VALUES (589, 384, 12);
INSERT INTO public.category_field (id, category_id, field_id) VALUES (385, 385, 1);
INSERT INTO public.category_field (id, category_id, field_id) VALUES (590, 385, 11);
INSERT INTO public.category_field (id, category_id, field_id) VALUES (591, 385, 12);
INSERT INTO public.category_field (id, category_id, field_id) VALUES (386, 386, 1);
INSERT INTO public.category_field (id, category_id, field_id) VALUES (592, 386, 11);
INSERT INTO public.category_field (id, category_id, field_id) VALUES (593, 386, 12);
INSERT INTO public.category_field (id, category_id, field_id) VALUES (387, 387, 1);
INSERT INTO public.category_field (id, category_id, field_id) VALUES (594, 387, 11);
INSERT INTO public.category_field (id, category_id, field_id) VALUES (595, 387, 12);
INSERT INTO public.category_field (id, category_id, field_id) VALUES (388, 388, 1);
INSERT INTO public.category_field (id, category_id, field_id) VALUES (596, 388, 11);
INSERT INTO public.category_field (id, category_id, field_id) VALUES (597, 388, 12);
INSERT INTO public.category_field (id, category_id, field_id) VALUES (389, 389, 1);
INSERT INTO public.category_field (id, category_id, field_id) VALUES (598, 389, 11);
INSERT INTO public.category_field (id, category_id, field_id) VALUES (599, 389, 12);
INSERT INTO public.category_field (id, category_id, field_id) VALUES (390, 390, 1);
INSERT INTO public.category_field (id, category_id, field_id) VALUES (600, 390, 11);
INSERT INTO public.category_field (id, category_id, field_id) VALUES (601, 390, 12);
INSERT INTO public.category_field (id, category_id, field_id) VALUES (391, 391, 1);
INSERT INTO public.category_field (id, category_id, field_id) VALUES (602, 391, 11);
INSERT INTO public.category_field (id, category_id, field_id) VALUES (603, 391, 12);
INSERT INTO public.category_field (id, category_id, field_id) VALUES (392, 392, 1);
INSERT INTO public.category_field (id, category_id, field_id) VALUES (604, 392, 11);
INSERT INTO public.category_field (id, category_id, field_id) VALUES (605, 392, 12);
INSERT INTO public.category_field (id, category_id, field_id) VALUES (393, 393, 1);
INSERT INTO public.category_field (id, category_id, field_id) VALUES (606, 393, 11);
INSERT INTO public.category_field (id, category_id, field_id) VALUES (607, 393, 12);
INSERT INTO public.category_field (id, category_id, field_id) VALUES (394, 394, 1);
INSERT INTO public.category_field (id, category_id, field_id) VALUES (608, 394, 11);
INSERT INTO public.category_field (id, category_id, field_id) VALUES (609, 394, 12);
INSERT INTO public.category_field (id, category_id, field_id) VALUES (395, 395, 1);
INSERT INTO public.category_field (id, category_id, field_id) VALUES (610, 395, 11);
INSERT INTO public.category_field (id, category_id, field_id) VALUES (611, 395, 12);
INSERT INTO public.category_field (id, category_id, field_id) VALUES (396, 396, 1);
INSERT INTO public.category_field (id, category_id, field_id) VALUES (612, 396, 11);
INSERT INTO public.category_field (id, category_id, field_id) VALUES (613, 396, 12);
INSERT INTO public.category_field (id, category_id, field_id) VALUES (397, 397, 1);
INSERT INTO public.category_field (id, category_id, field_id) VALUES (614, 397, 11);
INSERT INTO public.category_field (id, category_id, field_id) VALUES (615, 397, 12);
INSERT INTO public.category_field (id, category_id, field_id) VALUES (398, 398, 1);
INSERT INTO public.category_field (id, category_id, field_id) VALUES (616, 398, 11);
INSERT INTO public.category_field (id, category_id, field_id) VALUES (617, 398, 12);
INSERT INTO public.category_field (id, category_id, field_id) VALUES (399, 399, 1);
INSERT INTO public.category_field (id, category_id, field_id) VALUES (618, 399, 11);
INSERT INTO public.category_field (id, category_id, field_id) VALUES (619, 399, 12);
INSERT INTO public.category_field (id, category_id, field_id) VALUES (400, 400, 1);
INSERT INTO public.category_field (id, category_id, field_id) VALUES (620, 400, 11);
INSERT INTO public.category_field (id, category_id, field_id) VALUES (621, 400, 12);
INSERT INTO public.category_field (id, category_id, field_id) VALUES (401, 401, 1);
INSERT INTO public.category_field (id, category_id, field_id) VALUES (622, 401, 11);
INSERT INTO public.category_field (id, category_id, field_id) VALUES (623, 401, 12);
INSERT INTO public.category_field (id, category_id, field_id) VALUES (402, 402, 1);
INSERT INTO public.category_field (id, category_id, field_id) VALUES (624, 402, 11);
INSERT INTO public.category_field (id, category_id, field_id) VALUES (625, 402, 12);
INSERT INTO public.category_field (id, category_id, field_id) VALUES (403, 403, 1);
INSERT INTO public.category_field (id, category_id, field_id) VALUES (626, 403, 11);
INSERT INTO public.category_field (id, category_id, field_id) VALUES (627, 403, 12);
INSERT INTO public.category_field (id, category_id, field_id) VALUES (404, 404, 1);
INSERT INTO public.category_field (id, category_id, field_id) VALUES (628, 404, 11);
INSERT INTO public.category_field (id, category_id, field_id) VALUES (629, 404, 12);
INSERT INTO public.category_field (id, category_id, field_id) VALUES (405, 405, 1);
INSERT INTO public.category_field (id, category_id, field_id) VALUES (630, 405, 11);
INSERT INTO public.category_field (id, category_id, field_id) VALUES (631, 405, 12);
INSERT INTO public.category_field (id, category_id, field_id) VALUES (406, 406, 1);
INSERT INTO public.category_field (id, category_id, field_id) VALUES (632, 406, 11);
INSERT INTO public.category_field (id, category_id, field_id) VALUES (633, 406, 12);
INSERT INTO public.category_field (id, category_id, field_id) VALUES (407, 407, 1);
INSERT INTO public.category_field (id, category_id, field_id) VALUES (634, 407, 11);
INSERT INTO public.category_field (id, category_id, field_id) VALUES (635, 407, 12);
INSERT INTO public.category_field (id, category_id, field_id) VALUES (408, 408, 1);
INSERT INTO public.category_field (id, category_id, field_id) VALUES (636, 408, 17);
INSERT INTO public.category_field (id, category_id, field_id) VALUES (637, 408, 13);
INSERT INTO public.category_field (id, category_id, field_id) VALUES (638, 408, 14);
INSERT INTO public.category_field (id, category_id, field_id) VALUES (639, 408, 15);
INSERT INTO public.category_field (id, category_id, field_id) VALUES (640, 408, 16);
INSERT INTO public.category_field (id, category_id, field_id) VALUES (641, 408, 18);
INSERT INTO public.category_field (id, category_id, field_id) VALUES (409, 409, 1);
INSERT INTO public.category_field (id, category_id, field_id) VALUES (642, 409, 17);
INSERT INTO public.category_field (id, category_id, field_id) VALUES (643, 409, 13);
INSERT INTO public.category_field (id, category_id, field_id) VALUES (644, 409, 14);
INSERT INTO public.category_field (id, category_id, field_id) VALUES (645, 409, 15);
INSERT INTO public.category_field (id, category_id, field_id) VALUES (646, 409, 16);
INSERT INTO public.category_field (id, category_id, field_id) VALUES (647, 409, 18);
INSERT INTO public.category_field (id, category_id, field_id) VALUES (410, 410, 1);
INSERT INTO public.category_field (id, category_id, field_id) VALUES (648, 410, 17);
INSERT INTO public.category_field (id, category_id, field_id) VALUES (649, 410, 13);
INSERT INTO public.category_field (id, category_id, field_id) VALUES (650, 410, 14);
INSERT INTO public.category_field (id, category_id, field_id) VALUES (651, 410, 15);
INSERT INTO public.category_field (id, category_id, field_id) VALUES (652, 410, 16);
INSERT INTO public.category_field (id, category_id, field_id) VALUES (653, 410, 18);
INSERT INTO public.category_field (id, category_id, field_id) VALUES (411, 411, 1);
INSERT INTO public.category_field (id, category_id, field_id) VALUES (654, 411, 17);
INSERT INTO public.category_field (id, category_id, field_id) VALUES (655, 411, 13);
INSERT INTO public.category_field (id, category_id, field_id) VALUES (656, 411, 14);
INSERT INTO public.category_field (id, category_id, field_id) VALUES (657, 411, 15);
INSERT INTO public.category_field (id, category_id, field_id) VALUES (658, 411, 16);
INSERT INTO public.category_field (id, category_id, field_id) VALUES (659, 411, 18);
INSERT INTO public.category_field (id, category_id, field_id) VALUES (412, 412, 1);
INSERT INTO public.category_field (id, category_id, field_id) VALUES (660, 412, 17);
INSERT INTO public.category_field (id, category_id, field_id) VALUES (661, 412, 13);
INSERT INTO public.category_field (id, category_id, field_id) VALUES (662, 412, 14);
INSERT INTO public.category_field (id, category_id, field_id) VALUES (663, 412, 15);
INSERT INTO public.category_field (id, category_id, field_id) VALUES (664, 412, 16);
INSERT INTO public.category_field (id, category_id, field_id) VALUES (665, 412, 18);
INSERT INTO public.category_field (id, category_id, field_id) VALUES (413, 413, 1);
INSERT INTO public.category_field (id, category_id, field_id) VALUES (666, 413, 17);
INSERT INTO public.category_field (id, category_id, field_id) VALUES (667, 413, 13);
INSERT INTO public.category_field (id, category_id, field_id) VALUES (668, 413, 14);
INSERT INTO public.category_field (id, category_id, field_id) VALUES (669, 413, 15);
INSERT INTO public.category_field (id, category_id, field_id) VALUES (670, 413, 16);
INSERT INTO public.category_field (id, category_id, field_id) VALUES (671, 413, 18);
INSERT INTO public.category_field (id, category_id, field_id) VALUES (709, 413, 19);
INSERT INTO public.category_field (id, category_id, field_id) VALUES (414, 414, 1);
INSERT INTO public.category_field (id, category_id, field_id) VALUES (672, 414, 17);
INSERT INTO public.category_field (id, category_id, field_id) VALUES (673, 414, 13);
INSERT INTO public.category_field (id, category_id, field_id) VALUES (674, 414, 14);
INSERT INTO public.category_field (id, category_id, field_id) VALUES (675, 414, 15);
INSERT INTO public.category_field (id, category_id, field_id) VALUES (676, 414, 16);
INSERT INTO public.category_field (id, category_id, field_id) VALUES (677, 414, 18);
INSERT INTO public.category_field (id, category_id, field_id) VALUES (415, 415, 1);
INSERT INTO public.category_field (id, category_id, field_id) VALUES (678, 415, 17);
INSERT INTO public.category_field (id, category_id, field_id) VALUES (679, 415, 13);
INSERT INTO public.category_field (id, category_id, field_id) VALUES (680, 415, 14);
INSERT INTO public.category_field (id, category_id, field_id) VALUES (681, 415, 15);
INSERT INTO public.category_field (id, category_id, field_id) VALUES (682, 415, 16);
INSERT INTO public.category_field (id, category_id, field_id) VALUES (683, 415, 18);
INSERT INTO public.category_field (id, category_id, field_id) VALUES (416, 416, 1);
INSERT INTO public.category_field (id, category_id, field_id) VALUES (684, 416, 17);
INSERT INTO public.category_field (id, category_id, field_id) VALUES (710, 416, 19);
INSERT INTO public.category_field (id, category_id, field_id) VALUES (417, 417, 1);
INSERT INTO public.category_field (id, category_id, field_id) VALUES (685, 417, 17);
INSERT INTO public.category_field (id, category_id, field_id) VALUES (686, 417, 13);
INSERT INTO public.category_field (id, category_id, field_id) VALUES (687, 417, 14);
INSERT INTO public.category_field (id, category_id, field_id) VALUES (688, 417, 15);
INSERT INTO public.category_field (id, category_id, field_id) VALUES (689, 417, 16);
INSERT INTO public.category_field (id, category_id, field_id) VALUES (690, 417, 18);
INSERT INTO public.category_field (id, category_id, field_id) VALUES (418, 418, 1);
INSERT INTO public.category_field (id, category_id, field_id) VALUES (691, 418, 17);
INSERT INTO public.category_field (id, category_id, field_id) VALUES (692, 418, 13);
INSERT INTO public.category_field (id, category_id, field_id) VALUES (693, 418, 14);
INSERT INTO public.category_field (id, category_id, field_id) VALUES (694, 418, 15);
INSERT INTO public.category_field (id, category_id, field_id) VALUES (695, 418, 16);
INSERT INTO public.category_field (id, category_id, field_id) VALUES (696, 418, 18);
INSERT INTO public.category_field (id, category_id, field_id) VALUES (419, 419, 1);
INSERT INTO public.category_field (id, category_id, field_id) VALUES (697, 419, 17);
INSERT INTO public.category_field (id, category_id, field_id) VALUES (698, 419, 13);
INSERT INTO public.category_field (id, category_id, field_id) VALUES (699, 419, 14);
INSERT INTO public.category_field (id, category_id, field_id) VALUES (700, 419, 15);
INSERT INTO public.category_field (id, category_id, field_id) VALUES (701, 419, 16);
INSERT INTO public.category_field (id, category_id, field_id) VALUES (702, 419, 18);
INSERT INTO public.category_field (id, category_id, field_id) VALUES (420, 420, 1);
INSERT INTO public.category_field (id, category_id, field_id) VALUES (703, 420, 17);
INSERT INTO public.category_field (id, category_id, field_id) VALUES (704, 420, 13);
INSERT INTO public.category_field (id, category_id, field_id) VALUES (705, 420, 14);
INSERT INTO public.category_field (id, category_id, field_id) VALUES (706, 420, 15);
INSERT INTO public.category_field (id, category_id, field_id) VALUES (707, 420, 16);
INSERT INTO public.category_field (id, category_id, field_id) VALUES (708, 420, 18);
INSERT INTO public.category_field (id, category_id, field_id) VALUES (421, 421, 1);
INSERT INTO public.category_field (id, category_id, field_id) VALUES (422, 422, 1);
INSERT INTO public.category_field (id, category_id, field_id) VALUES (423, 423, 1);
INSERT INTO public.category_field (id, category_id, field_id) VALUES (424, 424, 1);
INSERT INTO public.category_field (id, category_id, field_id) VALUES (425, 425, 1);
INSERT INTO public.category_field (id, category_id, field_id) VALUES (426, 426, 1);
INSERT INTO public.category_field (id, category_id, field_id) VALUES (427, 427, 1);
INSERT INTO public.category_field (id, category_id, field_id) VALUES (428, 428, 1);
INSERT INTO public.category_field (id, category_id, field_id) VALUES (429, 429, 1);
INSERT INTO public.category_field (id, category_id, field_id) VALUES (430, 430, 1);
INSERT INTO public.category_field (id, category_id, field_id) VALUES (431, 431, 1);
INSERT INTO public.category_field (id, category_id, field_id) VALUES (432, 432, 1);
INSERT INTO public.category_field (id, category_id, field_id) VALUES (433, 433, 1);
INSERT INTO public.category_field (id, category_id, field_id) VALUES (434, 434, 1);
INSERT INTO public.category_field (id, category_id, field_id) VALUES (435, 435, 1);
INSERT INTO public.category_field (id, category_id, field_id) VALUES (436, 436, 1);
INSERT INTO public.category_field (id, category_id, field_id) VALUES (437, 437, 1);
INSERT INTO public.category_field (id, category_id, field_id) VALUES (438, 438, 1);
INSERT INTO public.category_field (id, category_id, field_id) VALUES (439, 439, 1);
INSERT INTO public.category_field (id, category_id, field_id) VALUES (440, 440, 1);
INSERT INTO public.category_field (id, category_id, field_id) VALUES (441, 441, 1);
INSERT INTO public.category_field (id, category_id, field_id) VALUES (442, 442, 1);
INSERT INTO public.category_field (id, category_id, field_id) VALUES (443, 443, 1);
INSERT INTO public.category_field (id, category_id, field_id) VALUES (444, 444, 1);
INSERT INTO public.category_field (id, category_id, field_id) VALUES (445, 445, 1);
INSERT INTO public.category_field (id, category_id, field_id) VALUES (446, 446, 1);
INSERT INTO public.category_field (id, category_id, field_id) VALUES (447, 447, 1);
INSERT INTO public.category_field (id, category_id, field_id) VALUES (506, 447, 2);
INSERT INTO public.category_field (id, category_id, field_id) VALUES (448, 448, 1);
INSERT INTO public.category_field (id, category_id, field_id) VALUES (507, 448, 2);
INSERT INTO public.category_field (id, category_id, field_id) VALUES (565, 448, 3);
INSERT INTO public.category_field (id, category_id, field_id) VALUES (566, 448, 4);
INSERT INTO public.category_field (id, category_id, field_id) VALUES (567, 448, 5);
INSERT INTO public.category_field (id, category_id, field_id) VALUES (568, 448, 6);
INSERT INTO public.category_field (id, category_id, field_id) VALUES (569, 448, 7);
INSERT INTO public.category_field (id, category_id, field_id) VALUES (570, 448, 8);
INSERT INTO public.category_field (id, category_id, field_id) VALUES (571, 448, 9);
INSERT INTO public.category_field (id, category_id, field_id) VALUES (572, 448, 10);
INSERT INTO public.category_field (id, category_id, field_id) VALUES (449, 449, 1);
INSERT INTO public.category_field (id, category_id, field_id) VALUES (508, 449, 2);
INSERT INTO public.category_field (id, category_id, field_id) VALUES (450, 450, 1);
INSERT INTO public.category_field (id, category_id, field_id) VALUES (509, 450, 2);
INSERT INTO public.category_field (id, category_id, field_id) VALUES (451, 451, 1);
INSERT INTO public.category_field (id, category_id, field_id) VALUES (510, 451, 2);
INSERT INTO public.category_field (id, category_id, field_id) VALUES (452, 452, 1);
INSERT INTO public.category_field (id, category_id, field_id) VALUES (511, 452, 2);
INSERT INTO public.category_field (id, category_id, field_id) VALUES (453, 453, 1);
INSERT INTO public.category_field (id, category_id, field_id) VALUES (512, 453, 2);
INSERT INTO public.category_field (id, category_id, field_id) VALUES (454, 454, 1);
INSERT INTO public.category_field (id, category_id, field_id) VALUES (513, 454, 2);
INSERT INTO public.category_field (id, category_id, field_id) VALUES (455, 455, 1);
INSERT INTO public.category_field (id, category_id, field_id) VALUES (514, 455, 2);
INSERT INTO public.category_field (id, category_id, field_id) VALUES (456, 456, 1);
INSERT INTO public.category_field (id, category_id, field_id) VALUES (515, 456, 2);
INSERT INTO public.category_field (id, category_id, field_id) VALUES (457, 457, 1);
INSERT INTO public.category_field (id, category_id, field_id) VALUES (516, 457, 2);
INSERT INTO public.category_field (id, category_id, field_id) VALUES (458, 458, 1);
INSERT INTO public.category_field (id, category_id, field_id) VALUES (517, 458, 2);
INSERT INTO public.category_field (id, category_id, field_id) VALUES (459, 459, 1);
INSERT INTO public.category_field (id, category_id, field_id) VALUES (518, 459, 2);
INSERT INTO public.category_field (id, category_id, field_id) VALUES (460, 460, 1);
INSERT INTO public.category_field (id, category_id, field_id) VALUES (519, 460, 2);
INSERT INTO public.category_field (id, category_id, field_id) VALUES (461, 461, 1);
INSERT INTO public.category_field (id, category_id, field_id) VALUES (520, 461, 2);
INSERT INTO public.category_field (id, category_id, field_id) VALUES (462, 462, 1);
INSERT INTO public.category_field (id, category_id, field_id) VALUES (521, 462, 2);
INSERT INTO public.category_field (id, category_id, field_id) VALUES (463, 463, 1);
INSERT INTO public.category_field (id, category_id, field_id) VALUES (522, 463, 2);
INSERT INTO public.category_field (id, category_id, field_id) VALUES (464, 464, 1);
INSERT INTO public.category_field (id, category_id, field_id) VALUES (523, 464, 2);
INSERT INTO public.category_field (id, category_id, field_id) VALUES (465, 465, 1);
INSERT INTO public.category_field (id, category_id, field_id) VALUES (524, 465, 2);
INSERT INTO public.category_field (id, category_id, field_id) VALUES (466, 466, 1);
INSERT INTO public.category_field (id, category_id, field_id) VALUES (525, 466, 2);
INSERT INTO public.category_field (id, category_id, field_id) VALUES (467, 467, 1);
INSERT INTO public.category_field (id, category_id, field_id) VALUES (526, 467, 2);
INSERT INTO public.category_field (id, category_id, field_id) VALUES (468, 468, 1);
INSERT INTO public.category_field (id, category_id, field_id) VALUES (527, 468, 2);
INSERT INTO public.category_field (id, category_id, field_id) VALUES (469, 469, 1);
INSERT INTO public.category_field (id, category_id, field_id) VALUES (528, 469, 2);
INSERT INTO public.category_field (id, category_id, field_id) VALUES (470, 470, 1);
INSERT INTO public.category_field (id, category_id, field_id) VALUES (529, 470, 2);
INSERT INTO public.category_field (id, category_id, field_id) VALUES (471, 471, 1);
INSERT INTO public.category_field (id, category_id, field_id) VALUES (530, 471, 2);
INSERT INTO public.category_field (id, category_id, field_id) VALUES (472, 472, 1);
INSERT INTO public.category_field (id, category_id, field_id) VALUES (531, 472, 2);
INSERT INTO public.category_field (id, category_id, field_id) VALUES (473, 473, 1);
INSERT INTO public.category_field (id, category_id, field_id) VALUES (532, 473, 2);
INSERT INTO public.category_field (id, category_id, field_id) VALUES (474, 474, 1);
INSERT INTO public.category_field (id, category_id, field_id) VALUES (533, 474, 2);
INSERT INTO public.category_field (id, category_id, field_id) VALUES (475, 475, 1);
INSERT INTO public.category_field (id, category_id, field_id) VALUES (534, 475, 2);
INSERT INTO public.category_field (id, category_id, field_id) VALUES (476, 476, 1);
INSERT INTO public.category_field (id, category_id, field_id) VALUES (535, 476, 2);
INSERT INTO public.category_field (id, category_id, field_id) VALUES (477, 477, 1);
INSERT INTO public.category_field (id, category_id, field_id) VALUES (536, 477, 2);
INSERT INTO public.category_field (id, category_id, field_id) VALUES (478, 478, 1);
INSERT INTO public.category_field (id, category_id, field_id) VALUES (537, 478, 2);
INSERT INTO public.category_field (id, category_id, field_id) VALUES (479, 479, 1);
INSERT INTO public.category_field (id, category_id, field_id) VALUES (538, 479, 2);
INSERT INTO public.category_field (id, category_id, field_id) VALUES (480, 480, 1);
INSERT INTO public.category_field (id, category_id, field_id) VALUES (539, 480, 2);
INSERT INTO public.category_field (id, category_id, field_id) VALUES (481, 481, 1);
INSERT INTO public.category_field (id, category_id, field_id) VALUES (540, 481, 2);
INSERT INTO public.category_field (id, category_id, field_id) VALUES (573, 481, 8);
INSERT INTO public.category_field (id, category_id, field_id) VALUES (482, 482, 1);
INSERT INTO public.category_field (id, category_id, field_id) VALUES (541, 482, 2);
INSERT INTO public.category_field (id, category_id, field_id) VALUES (574, 482, 8);
INSERT INTO public.category_field (id, category_id, field_id) VALUES (483, 483, 1);
INSERT INTO public.category_field (id, category_id, field_id) VALUES (542, 483, 2);
INSERT INTO public.category_field (id, category_id, field_id) VALUES (575, 483, 8);
INSERT INTO public.category_field (id, category_id, field_id) VALUES (484, 484, 1);
INSERT INTO public.category_field (id, category_id, field_id) VALUES (543, 484, 2);
INSERT INTO public.category_field (id, category_id, field_id) VALUES (576, 484, 8);
INSERT INTO public.category_field (id, category_id, field_id) VALUES (485, 485, 1);
INSERT INTO public.category_field (id, category_id, field_id) VALUES (544, 485, 2);
INSERT INTO public.category_field (id, category_id, field_id) VALUES (577, 485, 8);
INSERT INTO public.category_field (id, category_id, field_id) VALUES (486, 486, 1);
INSERT INTO public.category_field (id, category_id, field_id) VALUES (545, 486, 2);
INSERT INTO public.category_field (id, category_id, field_id) VALUES (487, 487, 1);
INSERT INTO public.category_field (id, category_id, field_id) VALUES (546, 487, 2);
INSERT INTO public.category_field (id, category_id, field_id) VALUES (488, 488, 1);
INSERT INTO public.category_field (id, category_id, field_id) VALUES (547, 488, 2);
INSERT INTO public.category_field (id, category_id, field_id) VALUES (489, 489, 1);
INSERT INTO public.category_field (id, category_id, field_id) VALUES (548, 489, 2);
INSERT INTO public.category_field (id, category_id, field_id) VALUES (490, 490, 1);
INSERT INTO public.category_field (id, category_id, field_id) VALUES (549, 490, 2);
INSERT INTO public.category_field (id, category_id, field_id) VALUES (491, 491, 1);
INSERT INTO public.category_field (id, category_id, field_id) VALUES (550, 491, 2);
INSERT INTO public.category_field (id, category_id, field_id) VALUES (492, 492, 1);
INSERT INTO public.category_field (id, category_id, field_id) VALUES (551, 492, 2);
INSERT INTO public.category_field (id, category_id, field_id) VALUES (493, 493, 1);
INSERT INTO public.category_field (id, category_id, field_id) VALUES (552, 493, 2);
INSERT INTO public.category_field (id, category_id, field_id) VALUES (494, 494, 1);
INSERT INTO public.category_field (id, category_id, field_id) VALUES (553, 494, 2);
INSERT INTO public.category_field (id, category_id, field_id) VALUES (495, 495, 1);
INSERT INTO public.category_field (id, category_id, field_id) VALUES (554, 495, 2);
INSERT INTO public.category_field (id, category_id, field_id) VALUES (496, 496, 1);
INSERT INTO public.category_field (id, category_id, field_id) VALUES (555, 496, 2);
INSERT INTO public.category_field (id, category_id, field_id) VALUES (497, 497, 1);
INSERT INTO public.category_field (id, category_id, field_id) VALUES (556, 497, 2);
INSERT INTO public.category_field (id, category_id, field_id) VALUES (498, 498, 1);
INSERT INTO public.category_field (id, category_id, field_id) VALUES (557, 498, 2);
INSERT INTO public.category_field (id, category_id, field_id) VALUES (499, 499, 1);
INSERT INTO public.category_field (id, category_id, field_id) VALUES (558, 499, 2);
INSERT INTO public.category_field (id, category_id, field_id) VALUES (500, 500, 1);
INSERT INTO public.category_field (id, category_id, field_id) VALUES (559, 500, 2);
INSERT INTO public.category_field (id, category_id, field_id) VALUES (501, 501, 1);
INSERT INTO public.category_field (id, category_id, field_id) VALUES (560, 501, 2);
INSERT INTO public.category_field (id, category_id, field_id) VALUES (502, 502, 1);
INSERT INTO public.category_field (id, category_id, field_id) VALUES (561, 502, 2);
INSERT INTO public.category_field (id, category_id, field_id) VALUES (503, 503, 1);
INSERT INTO public.category_field (id, category_id, field_id) VALUES (562, 503, 2);
INSERT INTO public.category_field (id, category_id, field_id) VALUES (504, 504, 1);
INSERT INTO public.category_field (id, category_id, field_id) VALUES (563, 504, 2);
INSERT INTO public.category_field (id, category_id, field_id) VALUES (505, 505, 1);
INSERT INTO public.category_field (id, category_id, field_id) VALUES (564, 505, 2);